user_term,brand_name,generic_name,active_ingredient,normalized_name,aliases,language,source,ddinter_id
abacavir,,abacavir,abacavir,abacavir,,,ddinter_dataset,DDInter1
abaloparatide,,abaloparatide,abaloparatide,abaloparatide,,,ddinter_dataset,DDInter2
abametapir topical,,abametapir topical,abametapir topical,abametapir topical,,,ddinter_dataset,DDInter3
abarelix,,abarelix,abarelix,abarelix,,,ddinter_dataset,DDInter4
abatacept,,abatacept,abatacept,abatacept,,,ddinter_dataset,DDInter5
abciximab,,abciximab,abciximab,abciximab,,,ddinter_dataset,DDInter6
abemaciclib,,abemaciclib,abemaciclib,abemaciclib,,,ddinter_dataset,DDInter7
abiraterone,,abiraterone,abiraterone,abiraterone,,,ddinter_dataset,DDInter8
acalabrutinib,,acalabrutinib,acalabrutinib,acalabrutinib,,,ddinter_dataset,DDInter9
acamprosate,,acamprosate,acamprosate,acamprosate,,,ddinter_dataset,DDInter10
acarbose,,acarbose,acarbose,acarbose,,,ddinter_dataset,DDInter11
acebutolol,,acebutolol,acebutolol,acebutolol,,,ddinter_dataset,DDInter12
acenocoumarol,,acenocoumarol,acenocoumarol,acenocoumarol,,,ddinter_dataset,DDInter13
acetaminophen,,acetaminophen,acetaminophen,acetaminophen,,,ddinter_dataset,DDInter14
acetazolamide,,acetazolamide,acetazolamide,acetazolamide,,,ddinter_dataset,DDInter15
acetohexamide,,acetohexamide,acetohexamide,acetohexamide,,,ddinter_dataset,DDInter16
acetylcholine,,acetylcholine,acetylcholine,acetylcholine,,,ddinter_dataset,DDInter18
acetylcysteine,,acetylcysteine,acetylcysteine,acetylcysteine,,,ddinter_dataset,DDInter19
acetylsalicylic acid,,acetylsalicylic acid,acetylsalicylic acid,acetylsalicylic acid,,,ddinter_dataset,DDInter20
acitretin,,acitretin,acitretin,acitretin,,,ddinter_dataset,DDInter21
aclidinium,,aclidinium,aclidinium,aclidinium,,,ddinter_dataset,DDInter22
acrivastine,,acrivastine,acrivastine,acrivastine,,,ddinter_dataset,DDInter23
activated charcoal,,activated charcoal,activated charcoal,activated charcoal,,,ddinter_dataset,DDInter24
acyclovir,,acyclovir,acyclovir,acyclovir,,,ddinter_dataset,DDInter25
adalimumab,,adalimumab,adalimumab,adalimumab,,,ddinter_dataset,DDInter27
adapalene,,adapalene,adapalene,adapalene,,,ddinter_dataset,DDInter28
adefovir dipivoxil,,adefovir dipivoxil,adefovir dipivoxil,adefovir dipivoxil,,,ddinter_dataset,DDInter30
adenosine,,adenosine,adenosine,adenosine,,,ddinter_dataset,DDInter31
afatinib,,afatinib,afatinib,afatinib,,,ddinter_dataset,DDInter32
aflibercept,,aflibercept,aflibercept,aflibercept,,,ddinter_dataset,DDInter33
agalsidase beta,,agalsidase beta,agalsidase beta,agalsidase beta,,,ddinter_dataset,DDInter34
albendazole,,albendazole,albendazole,albendazole,,,ddinter_dataset,DDInter35
albiglutide,,albiglutide,albiglutide,albiglutide,,,ddinter_dataset,DDInter36
alclometasone topical,,alclometasone topical,alclometasone topical,alclometasone topical,,,ddinter_dataset,DDInter37
aldesleukin,,aldesleukin,aldesleukin,aldesleukin,,,ddinter_dataset,DDInter38
alectinib,,alectinib,alectinib,alectinib,,,ddinter_dataset,DDInter39
alefacept,,alefacept,alefacept,alefacept,,,ddinter_dataset,DDInter40
alemtuzumab,,alemtuzumab,alemtuzumab,alemtuzumab,,,ddinter_dataset,DDInter41
alendronic acid,,alendronic acid,alendronic acid,alendronic acid,,,ddinter_dataset,DDInter42
alfentanil,,alfentanil,alfentanil,alfentanil,,,ddinter_dataset,DDInter43
alfuzosin,,alfuzosin,alfuzosin,alfuzosin,,,ddinter_dataset,DDInter44
alimemazine,,alimemazine,alimemazine,alimemazine,,,ddinter_dataset,DDInter45
aliskiren,,aliskiren,aliskiren,aliskiren,,,ddinter_dataset,DDInter46
allopurinol,,allopurinol,allopurinol,allopurinol,,,ddinter_dataset,DDInter48
almotriptan,,almotriptan,almotriptan,almotriptan,,,ddinter_dataset,DDInter49
aloe vera leaf,,aloe vera leaf,aloe vera leaf,aloe vera leaf,,,ddinter_dataset,DDInter50
alogliptin,,alogliptin,alogliptin,alogliptin,,,ddinter_dataset,DDInter51
alosetron,,alosetron,alosetron,alosetron,,,ddinter_dataset,DDInter52
alpelisib,,alpelisib,alpelisib,alpelisib,,,ddinter_dataset,DDInter53
alprazolam,,alprazolam,alprazolam,alprazolam,,,ddinter_dataset,DDInter54
alprostadil,,alprostadil,alprostadil,alprostadil,,,ddinter_dataset,DDInter55
alteplase,,alteplase,alteplase,alteplase,,,ddinter_dataset,DDInter56
altretamine,,altretamine,altretamine,altretamine,,,ddinter_dataset,DDInter57
aluminum hydroxide,,aluminum hydroxide,aluminum hydroxide,aluminum hydroxide,,,ddinter_dataset,DDInter58
alvimopan,,alvimopan,alvimopan,alvimopan,,,ddinter_dataset,DDInter59
amantadine,,amantadine,amantadine,amantadine,,,ddinter_dataset,DDInter60
ambenonium,,ambenonium,ambenonium,ambenonium,,,ddinter_dataset,DDInter61
ambrisentan,,ambrisentan,ambrisentan,ambrisentan,,,ddinter_dataset,DDInter62
amcinonide,,amcinonide,amcinonide,amcinonide,,,ddinter_dataset,DDInter63
amifampridine,,amifampridine,amifampridine,amifampridine,,,ddinter_dataset,DDInter64
amifostine,,amifostine,amifostine,amifostine,,,ddinter_dataset,DDInter65
amikacin,,amikacin,amikacin,amikacin,,,ddinter_dataset,DDInter66
amikacin liposome,,amikacin liposome,amikacin liposome,amikacin liposome,,,ddinter_dataset,DDInter67
amiloride,,amiloride,amiloride,amiloride,,,ddinter_dataset,DDInter68
aminobenzoic acid,,aminobenzoic acid,aminobenzoic acid,aminobenzoic acid,,,ddinter_dataset,DDInter69
aminocaproic acid,,aminocaproic acid,aminocaproic acid,aminocaproic acid,,,ddinter_dataset,DDInter70
aminoglutethimide,,aminoglutethimide,aminoglutethimide,aminoglutethimide,,,ddinter_dataset,DDInter71
aminolevulinic acid,,aminolevulinic acid,aminolevulinic acid,aminolevulinic acid,,,ddinter_dataset,DDInter72
aminolevulinic acid topical,,aminolevulinic acid topical,aminolevulinic acid topical,aminolevulinic acid topical,,,ddinter_dataset,DDInter73
aminophylline,,aminophylline,aminophylline,aminophylline,,,ddinter_dataset,DDInter74
aminosalicylic acid,,aminosalicylic acid,aminosalicylic acid,aminosalicylic acid,,,ddinter_dataset,DDInter75
amiodarone,,amiodarone,amiodarone,amiodarone,,,ddinter_dataset,DDInter76
amisulpride,,amisulpride,amisulpride,amisulpride,,,ddinter_dataset,DDInter77
amitriptyline,,amitriptyline,amitriptyline,amitriptyline,,,ddinter_dataset,DDInter78
amlodipine,,amlodipine,amlodipine,amlodipine,,,ddinter_dataset,DDInter79
ammonium chloride,,ammonium chloride,ammonium chloride,ammonium chloride,,,ddinter_dataset,DDInter80
amobarbital,,amobarbital,amobarbital,amobarbital,,,ddinter_dataset,DDInter81
amoxapine,,amoxapine,amoxapine,amoxapine,,,ddinter_dataset,DDInter82
amoxicillin,,amoxicillin,amoxicillin,amoxicillin,,,ddinter_dataset,DDInter83
amphetamine,,amphetamine,amphetamine,amphetamine,,,ddinter_dataset,DDInter84
amphotericin b,,amphotericin b,amphotericin b,amphotericin b,,,ddinter_dataset,DDInter85
amphotericin b cholesteryl sulfate,,amphotericin b cholesteryl sulfate,amphotericin b cholesteryl sulfate,amphotericin b cholesteryl sulfate,,,ddinter_dataset,DDInter86
amphotericin b lipid complex,,amphotericin b lipid complex,amphotericin b lipid complex,amphotericin b lipid complex,,,ddinter_dataset,DDInter87
amphotericin b liposomal,,amphotericin b liposomal,amphotericin b liposomal,amphotericin b liposomal,,,ddinter_dataset,DDInter88
ampicillin,,ampicillin,ampicillin,ampicillin,,,ddinter_dataset,DDInter89
amprenavir,,amprenavir,amprenavir,amprenavir,,,ddinter_dataset,DDInter90
amyl nitrite,,amyl nitrite,amyl nitrite,amyl nitrite,,,ddinter_dataset,DDInter92
anagrelide,,anagrelide,anagrelide,anagrelide,,,ddinter_dataset,DDInter93
anakinra,,anakinra,anakinra,anakinra,,,ddinter_dataset,DDInter94
anastrozole,,anastrozole,anastrozole,anastrozole,,,ddinter_dataset,DDInter95
anisindione,,anisindione,anisindione,anisindione,,,ddinter_dataset,DDInter98
anistreplase,,anistreplase,anistreplase,anistreplase,,,ddinter_dataset,DDInter99
anthrax vaccine,,anthrax vaccine,anthrax vaccine,anthrax vaccine,,,ddinter_dataset,DDInter100
anti inhibitor coagulant complex,,anti inhibitor coagulant complex,anti inhibitor coagulant complex,anti inhibitor coagulant complex,,,ddinter_dataset,DDInter101
antihemophilic factor human recombinant,,antihemophilic factor human recombinant,antihemophilic factor human recombinant,antihemophilic factor human recombinant,,,ddinter_dataset,DDInter102
antilymphocyte immunoglobulin horse,,antilymphocyte immunoglobulin horse,antilymphocyte immunoglobulin horse,antilymphocyte immunoglobulin horse,,,ddinter_dataset,DDInter103
antithrombin alfa,,antithrombin alfa,antithrombin alfa,antithrombin alfa,,,ddinter_dataset,DDInter104
antithrombin iii human,,antithrombin iii human,antithrombin iii human,antithrombin iii human,,,ddinter_dataset,DDInter105
antithymocyte immunoglobulin rabbit,,antithymocyte immunoglobulin rabbit,antithymocyte immunoglobulin rabbit,antithymocyte immunoglobulin rabbit,,,ddinter_dataset,DDInter106
apalutamide,,apalutamide,apalutamide,apalutamide,,,ddinter_dataset,DDInter107
apixaban,,apixaban,apixaban,apixaban,,,ddinter_dataset,DDInter108
apomorphine,,apomorphine,apomorphine,apomorphine,,,ddinter_dataset,DDInter109
apraclonidine,,apraclonidine,apraclonidine,apraclonidine,,,ddinter_dataset,DDInter110
apremilast,,apremilast,apremilast,apremilast,,,ddinter_dataset,DDInter111
aprepitant,,aprepitant,aprepitant,aprepitant,,,ddinter_dataset,DDInter112
aprotinin,,aprotinin,aprotinin,aprotinin,,,ddinter_dataset,DDInter113
arbutamine,,arbutamine,arbutamine,arbutamine,,,ddinter_dataset,DDInter114
ardeparin,,ardeparin,ardeparin,ardeparin,,,ddinter_dataset,DDInter115
arformoterol,,arformoterol,arformoterol,arformoterol,,,ddinter_dataset,DDInter116
argatroban,,argatroban,argatroban,argatroban,,,ddinter_dataset,DDInter117
aripiprazole,,aripiprazole,aripiprazole,aripiprazole,,,ddinter_dataset,DDInter118
armodafinil,,armodafinil,armodafinil,armodafinil,,,ddinter_dataset,DDInter119
arsenic trioxide,,arsenic trioxide,arsenic trioxide,arsenic trioxide,,,ddinter_dataset,DDInter120
artemether,,artemether,artemether,artemether,,,ddinter_dataset,DDInter121
artesunate,,artesunate,artesunate,artesunate,,,ddinter_dataset,DDInter122
articaine,,articaine,articaine,articaine,,,ddinter_dataset,DDInter123
ascorbic acid,,ascorbic acid,ascorbic acid,ascorbic acid,,,ddinter_dataset,DDInter124
asenapine,,asenapine,asenapine,asenapine,,,ddinter_dataset,DDInter125
asparaginase erwinia chrysanthemi,,asparaginase erwinia chrysanthemi,asparaginase erwinia chrysanthemi,asparaginase erwinia chrysanthemi,,,ddinter_dataset,DDInter126
asparaginase escherichia coli,,asparaginase escherichia coli,asparaginase escherichia coli,asparaginase escherichia coli,,,ddinter_dataset,DDInter127
astemizole,,astemizole,astemizole,astemizole,,,ddinter_dataset,DDInter128
atazanavir,,atazanavir,atazanavir,atazanavir,,,ddinter_dataset,DDInter129
atenolol,,atenolol,atenolol,atenolol,,,ddinter_dataset,DDInter130
atezolizumab,,atezolizumab,atezolizumab,atezolizumab,,,ddinter_dataset,DDInter131
atomoxetine,,atomoxetine,atomoxetine,atomoxetine,,,ddinter_dataset,DDInter132
atorvastatin,,atorvastatin,atorvastatin,atorvastatin,,,ddinter_dataset,DDInter133
atovaquone,,atovaquone,atovaquone,atovaquone,,,ddinter_dataset,DDInter134
atracurium,,atracurium,atracurium,atracurium,,,ddinter_dataset,DDInter135
atropine,,atropine,atropine,atropine,,,ddinter_dataset,DDInter136
atropine ophthalmic,,atropine ophthalmic,atropine ophthalmic,atropine ophthalmic,,,ddinter_dataset,DDInter137
attapulgite,,attapulgite,attapulgite,attapulgite,,,ddinter_dataset,DDInter138
auranofin,,auranofin,auranofin,auranofin,,,ddinter_dataset,DDInter139
aurothioglucose,,aurothioglucose,aurothioglucose,aurothioglucose,,,ddinter_dataset,DDInter140
avanafil,,avanafil,avanafil,avanafil,,,ddinter_dataset,DDInter141
avapritinib,,avapritinib,avapritinib,avapritinib,,,ddinter_dataset,DDInter142
avatrombopag,,avatrombopag,avatrombopag,avatrombopag,,,ddinter_dataset,DDInter143
axicabtagene ciloleucel,,axicabtagene ciloleucel,axicabtagene ciloleucel,axicabtagene ciloleucel,,,ddinter_dataset,DDInter146
axitinib,,axitinib,axitinib,axitinib,,,ddinter_dataset,DDInter147
azacitidine,,azacitidine,azacitidine,azacitidine,,,ddinter_dataset,DDInter148
azatadine,,azatadine,azatadine,azatadine,,,ddinter_dataset,DDInter149
azathioprine,,azathioprine,azathioprine,azathioprine,,,ddinter_dataset,DDInter150
azelaic acid,,azelaic acid,azelaic acid,azelaic acid,,,ddinter_dataset,DDInter151
azelastine,,azelastine,azelastine,azelastine,,,ddinter_dataset,DDInter153
azelastine nasal,,azelastine nasal,azelastine nasal,azelastine nasal,,,ddinter_dataset,DDInter154
azelastine ophthalmic,,azelastine ophthalmic,azelastine ophthalmic,azelastine ophthalmic,,,ddinter_dataset,DDInter155
azilsartan medoxomil,,azilsartan medoxomil,azilsartan medoxomil,azilsartan medoxomil,,,ddinter_dataset,DDInter156
azithromycin,,azithromycin,azithromycin,azithromycin,,,ddinter_dataset,DDInter157
aztreonam,,aztreonam,aztreonam,aztreonam,,,ddinter_dataset,DDInter158
bacampicillin,,bacampicillin,bacampicillin,bacampicillin,,,ddinter_dataset,DDInter159
bacillus calmette guerin substrain tice live antigen,,bacillus calmette guerin substrain tice live antigen,bacillus calmette guerin substrain tice live antigen,bacillus calmette guerin substrain tice live antigen,,,ddinter_dataset,DDInter160
bacitracin,,bacitracin,bacitracin,bacitracin,,,ddinter_dataset,DDInter161
baclofen,,baclofen,baclofen,baclofen,,,ddinter_dataset,DDInter162
baloxavir marboxil,,baloxavir marboxil,baloxavir marboxil,baloxavir marboxil,,,ddinter_dataset,DDInter163
balsalazide,,balsalazide,balsalazide,balsalazide,,,ddinter_dataset,DDInter164
baricitinib,,baricitinib,baricitinib,baricitinib,,,ddinter_dataset,DDInter165
basiliximab,,basiliximab,basiliximab,basiliximab,,,ddinter_dataset,DDInter166
beclomethasone dipropionate,,beclomethasone dipropionate,beclomethasone dipropionate,beclomethasone dipropionate,,,ddinter_dataset,DDInter168
beclomethasone dipropionate nasal,,beclomethasone dipropionate nasal,beclomethasone dipropionate nasal,beclomethasone dipropionate nasal,,,ddinter_dataset,DDInter169
bedaquiline,,bedaquiline,bedaquiline,bedaquiline,,,ddinter_dataset,DDInter170
belantamab mafodotin,,belantamab mafodotin,belantamab mafodotin,belantamab mafodotin,,,ddinter_dataset,DDInter171
belatacept,,belatacept,belatacept,belatacept,,,ddinter_dataset,DDInter172
belimumab,,belimumab,belimumab,belimumab,,,ddinter_dataset,DDInter173
belinostat,,belinostat,belinostat,belinostat,,,ddinter_dataset,DDInter174
belladonna,,belladonna,belladonna,belladonna,,,ddinter_dataset,DDInter175
bempedoic acid,,bempedoic acid,bempedoic acid,bempedoic acid,,,ddinter_dataset,DDInter176
benazepril,,benazepril,benazepril,benazepril,,,ddinter_dataset,DDInter177
bendamustine,,bendamustine,bendamustine,bendamustine,,,ddinter_dataset,DDInter178
bendroflumethiazide,,bendroflumethiazide,bendroflumethiazide,bendroflumethiazide,,,ddinter_dataset,DDInter179
benzalkonium topical,,benzalkonium topical,benzalkonium topical,benzalkonium topical,,,ddinter_dataset,DDInter180
benzatropine,,benzatropine,benzatropine,benzatropine,,,ddinter_dataset,DDInter181
benzhydrocodone,,benzhydrocodone,benzhydrocodone,benzhydrocodone,,,ddinter_dataset,DDInter182
benznidazole,,benznidazole,benznidazole,benznidazole,,,ddinter_dataset,DDInter183
benzocaine topical,,benzocaine topical,benzocaine topical,benzocaine topical,,,ddinter_dataset,DDInter184
benzonatate,,benzonatate,benzonatate,benzonatate,,,ddinter_dataset,DDInter185
benzphetamine,,benzphetamine,benzphetamine,benzphetamine,,,ddinter_dataset,DDInter187
benzthiazide,,benzthiazide,benzthiazide,benzthiazide,,,ddinter_dataset,DDInter188
benzylpenicillin,,benzylpenicillin,benzylpenicillin,benzylpenicillin,,,ddinter_dataset,DDInter189
benzylpenicillin potassium,,benzylpenicillin potassium,benzylpenicillin potassium,benzylpenicillin potassium,,,ddinter_dataset,DDInter190
benzylpenicillin sodium,,benzylpenicillin sodium,benzylpenicillin sodium,benzylpenicillin sodium,,,ddinter_dataset,DDInter191
bepridil,,bepridil,bepridil,bepridil,,,ddinter_dataset,DDInter192
berotralstat,,berotralstat,berotralstat,berotralstat,,,ddinter_dataset,DDInter193
beta carotene,,beta carotene,beta carotene,beta carotene,,,ddinter_dataset,DDInter194
betamethasone,,betamethasone,betamethasone,betamethasone,,,ddinter_dataset,DDInter195
betamethasone topical,,betamethasone topical,betamethasone topical,betamethasone topical,,,ddinter_dataset,DDInter196
betaxolol,,betaxolol,betaxolol,betaxolol,,,ddinter_dataset,DDInter197
betaxolol ophthalmic,,betaxolol ophthalmic,betaxolol ophthalmic,betaxolol ophthalmic,,,ddinter_dataset,DDInter198
bethanechol,,bethanechol,bethanechol,bethanechol,,,ddinter_dataset,DDInter199
betrixaban,,betrixaban,betrixaban,betrixaban,,,ddinter_dataset,DDInter200
bexarotene,,bexarotene,bexarotene,bexarotene,,,ddinter_dataset,DDInter202
bicalutamide,,bicalutamide,bicalutamide,bicalutamide,,,ddinter_dataset,DDInter204
bictegravir,,bictegravir,bictegravir,bictegravir,,,ddinter_dataset,DDInter205
bifidobacterium longum infantis,,bifidobacterium longum infantis,bifidobacterium longum infantis,bifidobacterium longum infantis,,,ddinter_dataset,DDInter206
bimatoprost,,bimatoprost,bimatoprost,bimatoprost,,,ddinter_dataset,DDInter207
binimetinib,,binimetinib,binimetinib,binimetinib,,,ddinter_dataset,DDInter210
biperiden,,biperiden,biperiden,biperiden,,,ddinter_dataset,DDInter211
bisacodyl,,bisacodyl,bisacodyl,bisacodyl,,,ddinter_dataset,DDInter212
bismuth subcitrate potassium,,bismuth subcitrate potassium,bismuth subcitrate potassium,bismuth subcitrate potassium,,,ddinter_dataset,DDInter213
bismuth subgallate,,bismuth subgallate,bismuth subgallate,bismuth subgallate,,,ddinter_dataset,DDInter214
bismuth subsalicylate,,bismuth subsalicylate,bismuth subsalicylate,bismuth subsalicylate,,,ddinter_dataset,DDInter215
bisoprolol,,bisoprolol,bisoprolol,bisoprolol,,,ddinter_dataset,DDInter216
bivalirudin,,bivalirudin,bivalirudin,bivalirudin,,,ddinter_dataset,DDInter217
bleomycin,,bleomycin,bleomycin,bleomycin,,,ddinter_dataset,DDInter219
blinatumomab,,blinatumomab,blinatumomab,blinatumomab,,,ddinter_dataset,DDInter220
boceprevir,,boceprevir,boceprevir,boceprevir,,,ddinter_dataset,DDInter221
bortezomib,,bortezomib,bortezomib,bortezomib,,,ddinter_dataset,DDInter222
bosentan,,bosentan,bosentan,bosentan,,,ddinter_dataset,DDInter223
bosutinib,,bosutinib,bosutinib,bosutinib,,,ddinter_dataset,DDInter224
botulinum toxin type a,,botulinum toxin type a,botulinum toxin type a,botulinum toxin type a,,,ddinter_dataset,DDInter225
botulinum toxin type b,,botulinum toxin type b,botulinum toxin type b,botulinum toxin type b,,,ddinter_dataset,DDInter226
bremelanotide,,bremelanotide,bremelanotide,bremelanotide,,,ddinter_dataset,DDInter227
brentuximab vedotin,,brentuximab vedotin,brentuximab vedotin,brentuximab vedotin,,,ddinter_dataset,DDInter228
bretylium,,bretylium,bretylium,bretylium,,,ddinter_dataset,DDInter229
brexanolone,,brexanolone,brexanolone,brexanolone,,,ddinter_dataset,DDInter230
brexpiprazole,,brexpiprazole,brexpiprazole,brexpiprazole,,,ddinter_dataset,DDInter231
brexucabtagene autoleucel,,brexucabtagene autoleucel,brexucabtagene autoleucel,brexucabtagene autoleucel,,,ddinter_dataset,DDInter232
brigatinib,,brigatinib,brigatinib,brigatinib,,,ddinter_dataset,DDInter233
brimonidine,,brimonidine,brimonidine,brimonidine,,,ddinter_dataset,DDInter234
brimonidine ophthalmic,,brimonidine ophthalmic,brimonidine ophthalmic,brimonidine ophthalmic,,,ddinter_dataset,DDInter235
brimonidine topical,,brimonidine topical,brimonidine topical,brimonidine topical,,,ddinter_dataset,DDInter236
brinzolamide,,brinzolamide,brinzolamide,brinzolamide,,,ddinter_dataset,DDInter237
brinzolamide ophthalmic,,brinzolamide ophthalmic,brinzolamide ophthalmic,brinzolamide ophthalmic,,,ddinter_dataset,DDInter238
brivaracetam,,brivaracetam,brivaracetam,brivaracetam,,,ddinter_dataset,DDInter239
brodalumab,,brodalumab,brodalumab,brodalumab,,,ddinter_dataset,DDInter240
bromfenac,,bromfenac,bromfenac,bromfenac,,,ddinter_dataset,DDInter241
bromfenac ophthalmic,,bromfenac ophthalmic,bromfenac ophthalmic,bromfenac ophthalmic,,,ddinter_dataset,DDInter242
bromocriptine,,bromocriptine,bromocriptine,bromocriptine,,,ddinter_dataset,DDInter243
bromotheophylline,,bromotheophylline,bromotheophylline,bromotheophylline,,,ddinter_dataset,DDInter244
brompheniramine,,brompheniramine,brompheniramine,brompheniramine,,,ddinter_dataset,DDInter245
budesonide,,budesonide,budesonide,budesonide,,,ddinter_dataset,DDInter246
budesonide nasal,,budesonide nasal,budesonide nasal,budesonide nasal,,,ddinter_dataset,DDInter247
bumetanide,,bumetanide,bumetanide,bumetanide,,,ddinter_dataset,DDInter248
bupivacaine,,bupivacaine,bupivacaine,bupivacaine,,,ddinter_dataset,DDInter249
bupivacaine liposome,,bupivacaine liposome,bupivacaine liposome,bupivacaine liposome,,,ddinter_dataset,DDInter250
buprenorphine,,buprenorphine,buprenorphine,buprenorphine,,,ddinter_dataset,DDInter251
bupropion,,bupropion,bupropion,bupropion,,,ddinter_dataset,DDInter252
burosumab,,burosumab,burosumab,burosumab,,,ddinter_dataset,DDInter253
buspirone,,buspirone,buspirone,buspirone,,,ddinter_dataset,DDInter254
busulfan,,busulfan,busulfan,busulfan,,,ddinter_dataset,DDInter255
butabarbital,,butabarbital,butabarbital,butabarbital,,,ddinter_dataset,DDInter256
butalbital,,butalbital,butalbital,butalbital,,,ddinter_dataset,DDInter257
butorphanol,,butorphanol,butorphanol,butorphanol,,,ddinter_dataset,DDInter258
cabazitaxel,,cabazitaxel,cabazitaxel,cabazitaxel,,,ddinter_dataset,DDInter259
cabergoline,,cabergoline,cabergoline,cabergoline,,,ddinter_dataset,DDInter260
cabotegravir,,cabotegravir,cabotegravir,cabotegravir,,,ddinter_dataset,DDInter261
cabozantinib,,cabozantinib,cabozantinib,cabozantinib,,,ddinter_dataset,DDInter262
caffeine,,caffeine,caffeine,caffeine,,,ddinter_dataset,DDInter263
calaspargase pegol,,calaspargase pegol,calaspargase pegol,calaspargase pegol,,,ddinter_dataset,DDInter264
calcifediol,,calcifediol,calcifediol,calcifediol,,,ddinter_dataset,DDInter265
calcipotriol,,calcipotriol,calcipotriol,calcipotriol,,,ddinter_dataset,DDInter266
calcipotriol topical,,calcipotriol topical,calcipotriol topical,calcipotriol topical,,,ddinter_dataset,DDInter267
calcitriol,,calcitriol,calcitriol,calcitriol,,,ddinter_dataset,DDInter268
calcitriol topical,,calcitriol topical,calcitriol topical,calcitriol topical,,,ddinter_dataset,DDInter269
calcium acetate,,calcium acetate,calcium acetate,calcium acetate,,,ddinter_dataset,DDInter270
calcium carbonate,,calcium carbonate,calcium carbonate,calcium carbonate,,,ddinter_dataset,DDInter271
calcium chloride,,calcium chloride,calcium chloride,calcium chloride,,,ddinter_dataset,DDInter272
calcium citrate,,calcium citrate,calcium citrate,calcium citrate,,,ddinter_dataset,DDInter273
calcium glubionate anhydrous,,calcium glubionate anhydrous,calcium glubionate anhydrous,calcium glubionate anhydrous,,,ddinter_dataset,DDInter274
calcium glucoheptonate,,calcium glucoheptonate,calcium glucoheptonate,calcium glucoheptonate,,,ddinter_dataset,DDInter275
calcium gluconate,,calcium gluconate,calcium gluconate,calcium gluconate,,,ddinter_dataset,DDInter276
calcium glycerophosphate,,calcium glycerophosphate,calcium glycerophosphate,calcium glycerophosphate,,,ddinter_dataset,DDInter277
calcium lactate,,calcium lactate,calcium lactate,calcium lactate,,,ddinter_dataset,DDInter278
calcium phosphate,,calcium phosphate,calcium phosphate,calcium phosphate,,,ddinter_dataset,DDInter279
canagliflozin,,canagliflozin,canagliflozin,canagliflozin,,,ddinter_dataset,DDInter280
canakinumab,,canakinumab,canakinumab,canakinumab,,,ddinter_dataset,DDInter281
candida albicans,,candida albicans,candida albicans,candida albicans,,,ddinter_dataset,DDInter282
cangrelor,,cangrelor,cangrelor,cangrelor,,,ddinter_dataset,DDInter283
cannabidiol,,cannabidiol,cannabidiol,cannabidiol,,,ddinter_dataset,DDInter284
capecitabine,,capecitabine,capecitabine,capecitabine,,,ddinter_dataset,DDInter285
caplacizumab,,caplacizumab,caplacizumab,caplacizumab,,,ddinter_dataset,DDInter286
capmatinib,,capmatinib,capmatinib,capmatinib,,,ddinter_dataset,DDInter287
capreomycin,,capreomycin,capreomycin,capreomycin,,,ddinter_dataset,DDInter288
capsicum,,capsicum,capsicum,capsicum,,,ddinter_dataset,DDInter291
captopril,,captopril,captopril,captopril,,,ddinter_dataset,DDInter292
carbamazepine,,carbamazepine,carbamazepine,carbamazepine,,,ddinter_dataset,DDInter293
carbamoylcholine ophthalmic,,carbamoylcholine ophthalmic,carbamoylcholine ophthalmic,carbamoylcholine ophthalmic,,,ddinter_dataset,DDInter294
carbenicillin,,carbenicillin,carbenicillin,carbenicillin,,,ddinter_dataset,DDInter295
carbinoxamine,,carbinoxamine,carbinoxamine,carbinoxamine,,,ddinter_dataset,DDInter297
carboplatin,,carboplatin,carboplatin,carboplatin,,,ddinter_dataset,DDInter298
carfilzomib,,carfilzomib,carfilzomib,carfilzomib,,,ddinter_dataset,DDInter299
cariprazine,,cariprazine,cariprazine,cariprazine,,,ddinter_dataset,DDInter300
carisoprodol,,carisoprodol,carisoprodol,carisoprodol,,,ddinter_dataset,DDInter301
carmustine,,carmustine,carmustine,carmustine,,,ddinter_dataset,DDInter302
carteolol,,carteolol,carteolol,carteolol,,,ddinter_dataset,DDInter303
carteolol ophthalmic,,carteolol ophthalmic,carteolol ophthalmic,carteolol ophthalmic,,,ddinter_dataset,DDInter304
carvedilol,,carvedilol,carvedilol,carvedilol,,,ddinter_dataset,DDInter305
caspofungin,,caspofungin,caspofungin,caspofungin,,,ddinter_dataset,DDInter306
castor oil,,castor oil,castor oil,castor oil,,,ddinter_dataset,DDInter307
cefaclor,,cefaclor,cefaclor,cefaclor,,,ddinter_dataset,DDInter309
cefadroxil,,cefadroxil,cefadroxil,cefadroxil,,,ddinter_dataset,DDInter310
cefalotin,,cefalotin,cefalotin,cefalotin,,,ddinter_dataset,DDInter311
cefamandole,,cefamandole,cefamandole,cefamandole,,,ddinter_dataset,DDInter312
cefapirin,,cefapirin,cefapirin,cefapirin,,,ddinter_dataset,DDInter313
cefazolin,,cefazolin,cefazolin,cefazolin,,,ddinter_dataset,DDInter314
cefdinir,,cefdinir,cefdinir,cefdinir,,,ddinter_dataset,DDInter315
cefditoren,,cefditoren,cefditoren,cefditoren,,,ddinter_dataset,DDInter316
cefepime,,cefepime,cefepime,cefepime,,,ddinter_dataset,DDInter317
cefiderocol,,cefiderocol,cefiderocol,cefiderocol,,,ddinter_dataset,DDInter318
cefixime,,cefixime,cefixime,cefixime,,,ddinter_dataset,DDInter319
cefmetazole,,cefmetazole,cefmetazole,cefmetazole,,,ddinter_dataset,DDInter320
cefonicid,,cefonicid,cefonicid,cefonicid,,,ddinter_dataset,DDInter321
cefoperazone,,cefoperazone,cefoperazone,cefoperazone,,,ddinter_dataset,DDInter322
cefotaxime,,cefotaxime,cefotaxime,cefotaxime,,,ddinter_dataset,DDInter323
cefotetan,,cefotetan,cefotetan,cefotetan,,,ddinter_dataset,DDInter324
cefoxitin,,cefoxitin,cefoxitin,cefoxitin,,,ddinter_dataset,DDInter325
cefpodoxime,,cefpodoxime,cefpodoxime,cefpodoxime,,,ddinter_dataset,DDInter326
cefprozil,,cefprozil,cefprozil,cefprozil,,,ddinter_dataset,DDInter327
cefradine,,cefradine,cefradine,cefradine,,,ddinter_dataset,DDInter328
ceftaroline fosamil,,ceftaroline fosamil,ceftaroline fosamil,ceftaroline fosamil,,,ddinter_dataset,DDInter329
ceftazidime,,ceftazidime,ceftazidime,ceftazidime,,,ddinter_dataset,DDInter330
ceftibuten,,ceftibuten,ceftibuten,ceftibuten,,,ddinter_dataset,DDInter331
ceftizoxime,,ceftizoxime,ceftizoxime,ceftizoxime,,,ddinter_dataset,DDInter332
ceftolozane,,ceftolozane,ceftolozane,ceftolozane,,,ddinter_dataset,DDInter333
ceftriaxone,,ceftriaxone,ceftriaxone,ceftriaxone,,,ddinter_dataset,DDInter334
cefuroxime,,cefuroxime,cefuroxime,cefuroxime,,,ddinter_dataset,DDInter335
celecoxib,,celecoxib,celecoxib,celecoxib,,,ddinter_dataset,DDInter336
cemiplimab,,cemiplimab,cemiplimab,cemiplimab,,,ddinter_dataset,DDInter337
cenobamate,,cenobamate,cenobamate,cenobamate,,,ddinter_dataset,DDInter338
cephalexin,,cephalexin,cephalexin,cephalexin,,,ddinter_dataset,DDInter339
ceritinib,,ceritinib,ceritinib,ceritinib,,,ddinter_dataset,DDInter340
cerivastatin,,cerivastatin,cerivastatin,cerivastatin,,,ddinter_dataset,DDInter341
certolizumab pegol,,certolizumab pegol,certolizumab pegol,certolizumab pegol,,,ddinter_dataset,DDInter342
cetirizine,,cetirizine,cetirizine,cetirizine,,,ddinter_dataset,DDInter343
cetuximab,,cetuximab,cetuximab,cetuximab,,,ddinter_dataset,DDInter344
cetylpyridinium topical,,cetylpyridinium topical,cetylpyridinium topical,cetylpyridinium topical,,,ddinter_dataset,DDInter345
cevimeline,,cevimeline,cevimeline,cevimeline,,,ddinter_dataset,DDInter346
chamomile,,chamomile,chamomile,chamomile,,,ddinter_dataset,DDInter347
chenodeoxycholic acid,,chenodeoxycholic acid,chenodeoxycholic acid,chenodeoxycholic acid,,,ddinter_dataset,DDInter348
chloral hydrate,,chloral hydrate,chloral hydrate,chloral hydrate,,,ddinter_dataset,DDInter349
chlorambucil,,chlorambucil,chlorambucil,chlorambucil,,,ddinter_dataset,DDInter350
chloramphenicol,,chloramphenicol,chloramphenicol,chloramphenicol,,,ddinter_dataset,DDInter351
chloramphenicol ophthalmic,,chloramphenicol ophthalmic,chloramphenicol ophthalmic,chloramphenicol ophthalmic,,,ddinter_dataset,DDInter352
chlorcyclizine,,chlorcyclizine,chlorcyclizine,chlorcyclizine,,,ddinter_dataset,DDInter354
chlordiazepoxide,,chlordiazepoxide,chlordiazepoxide,chlordiazepoxide,,,ddinter_dataset,DDInter355
chlorhexidine,,chlorhexidine,chlorhexidine,chlorhexidine,,,ddinter_dataset,DDInter356
chlormezanone,,chlormezanone,chlormezanone,chlormezanone,,,ddinter_dataset,DDInter357
chloroprocaine,,chloroprocaine,chloroprocaine,chloroprocaine,,,ddinter_dataset,DDInter358
chloroquine,,chloroquine,chloroquine,chloroquine,,,ddinter_dataset,DDInter359
chlorothiazide,,chlorothiazide,chlorothiazide,chlorothiazide,,,ddinter_dataset,DDInter360
chlorphenesin,,chlorphenesin,chlorphenesin,chlorphenesin,,,ddinter_dataset,DDInter361
chlorpheniramine,,chlorpheniramine,chlorpheniramine,chlorpheniramine,,,ddinter_dataset,DDInter362
chlorpromazine,,chlorpromazine,chlorpromazine,chlorpromazine,,,ddinter_dataset,DDInter363
chlorpropamide,,chlorpropamide,chlorpropamide,chlorpropamide,,,ddinter_dataset,DDInter364
chlorthalidone,,chlorthalidone,chlorthalidone,chlorthalidone,,,ddinter_dataset,DDInter365
chlorzoxazone,,chlorzoxazone,chlorzoxazone,chlorzoxazone,,,ddinter_dataset,DDInter366
cholecalciferol,,cholecalciferol,cholecalciferol,cholecalciferol,,,ddinter_dataset,DDInter367
cholestyramine,,cholestyramine,cholestyramine,cholestyramine,,,ddinter_dataset,DDInter368
cholic acid,,cholic acid,cholic acid,cholic acid,,,ddinter_dataset,DDInter369
choline salicylate,,choline salicylate,choline salicylate,choline salicylate,,,ddinter_dataset,DDInter370
chondroitin sulfate,,chondroitin sulfate,chondroitin sulfate,chondroitin sulfate,,,ddinter_dataset,DDInter371
chromic chloride,,chromic chloride,chromic chloride,chromic chloride,,,ddinter_dataset,DDInter373
chromium picolinate,,chromium picolinate,chromium picolinate,chromium picolinate,,,ddinter_dataset,DDInter374
ciclesonide,,ciclesonide,ciclesonide,ciclesonide,,,ddinter_dataset,DDInter375
ciclesonide nasal,,ciclesonide nasal,ciclesonide nasal,ciclesonide nasal,,,ddinter_dataset,DDInter376
ciclopirox,,ciclopirox,ciclopirox,ciclopirox,,,ddinter_dataset,DDInter377
cidofovir,,cidofovir,cidofovir,cidofovir,,,ddinter_dataset,DDInter378
cilostazol,,cilostazol,cilostazol,cilostazol,,,ddinter_dataset,DDInter379
cimetidine,,cimetidine,cimetidine,cimetidine,,,ddinter_dataset,DDInter380
cinacalcet,,cinacalcet,cinacalcet,cinacalcet,,,ddinter_dataset,DDInter381
cinchocaine topical,,cinchocaine topical,cinchocaine topical,cinchocaine topical,,,ddinter_dataset,DDInter382
cinoxacin,,cinoxacin,cinoxacin,cinoxacin,,,ddinter_dataset,DDInter383
ciprofloxacin,,ciprofloxacin,ciprofloxacin,ciprofloxacin,,,ddinter_dataset,DDInter384
cisapride,,cisapride,cisapride,cisapride,,,ddinter_dataset,DDInter385
cisatracurium,,cisatracurium,cisatracurium,cisatracurium,,,ddinter_dataset,DDInter386
cisplatin,,cisplatin,cisplatin,cisplatin,,,ddinter_dataset,DDInter387
citalopram,,citalopram,citalopram,citalopram,,,ddinter_dataset,DDInter388
citric acid,,citric acid,citric acid,citric acid,,,ddinter_dataset,DDInter390
citrus bioflavonoids,,citrus bioflavonoids,citrus bioflavonoids,citrus bioflavonoids,,,ddinter_dataset,DDInter391
cladribine,,cladribine,cladribine,cladribine,,,ddinter_dataset,DDInter392
clarithromycin,,clarithromycin,clarithromycin,clarithromycin,,,ddinter_dataset,DDInter393
clavulanic acid,,clavulanic acid,clavulanic acid,clavulanic acid,,,ddinter_dataset,DDInter394
clemastine,,clemastine,clemastine,clemastine,,,ddinter_dataset,DDInter395
clevidipine,,clevidipine,clevidipine,clevidipine,,,ddinter_dataset,DDInter396
clidinium,,clidinium,clidinium,clidinium,,,ddinter_dataset,DDInter397
clindamycin,,clindamycin,clindamycin,clindamycin,,,ddinter_dataset,DDInter398
clobazam,,clobazam,clobazam,clobazam,,,ddinter_dataset,DDInter401
clobetasol,,clobetasol,clobetasol,clobetasol,,,ddinter_dataset,DDInter402
clobetasol topical,,clobetasol topical,clobetasol topical,clobetasol topical,,,ddinter_dataset,DDInter403
clocortolone topical,,clocortolone topical,clocortolone topical,clocortolone topical,,,ddinter_dataset,DDInter404
clofarabine,,clofarabine,clofarabine,clofarabine,,,ddinter_dataset,DDInter405
clofazimine,,clofazimine,clofazimine,clofazimine,,,ddinter_dataset,DDInter406
clofedanol,,clofedanol,clofedanol,clofedanol,,,ddinter_dataset,DDInter407
clofibrate,,clofibrate,clofibrate,clofibrate,,,ddinter_dataset,DDInter408
clomipramine,,clomipramine,clomipramine,clomipramine,,,ddinter_dataset,DDInter410
clonazepam,,clonazepam,clonazepam,clonazepam,,,ddinter_dataset,DDInter411
clonidine,,clonidine,clonidine,clonidine,,,ddinter_dataset,DDInter412
clopidogrel,,clopidogrel,clopidogrel,clopidogrel,,,ddinter_dataset,DDInter413
clorazepic acid,,clorazepic acid,clorazepic acid,clorazepic acid,,,ddinter_dataset,DDInter414
clostridium tetani toxoid antigen formaldehyde inactivated,,clostridium tetani toxoid antigen formaldehyde inactivated,clostridium tetani toxoid antigen formaldehyde inactivated,clostridium tetani toxoid antigen formaldehyde inactivated,,,ddinter_dataset,DDInter415
clotrimazole,,clotrimazole,clotrimazole,clotrimazole,,,ddinter_dataset,DDInter416
clove,,clove,clove,clove,,,ddinter_dataset,DDInter417
cloxacillin,,cloxacillin,cloxacillin,cloxacillin,,,ddinter_dataset,DDInter418
clozapine,,clozapine,clozapine,clozapine,,,ddinter_dataset,DDInter419
coagulation factor ix human,,coagulation factor ix human,coagulation factor ix human,coagulation factor ix human,,,ddinter_dataset,DDInter420
coagulation factor viia recombinant human,,coagulation factor viia recombinant human,coagulation factor viia recombinant human,coagulation factor viia recombinant human,,,ddinter_dataset,DDInter421
coagulation factor x human,,coagulation factor x human,coagulation factor x human,coagulation factor x human,,,ddinter_dataset,DDInter422
cobicistat,,cobicistat,cobicistat,cobicistat,,,ddinter_dataset,DDInter424
cobimetinib,,cobimetinib,cobimetinib,cobimetinib,,,ddinter_dataset,DDInter425
cocaine nasal,,cocaine nasal,cocaine nasal,cocaine nasal,,,ddinter_dataset,DDInter426
cocaine topical,,cocaine topical,cocaine topical,cocaine topical,,,ddinter_dataset,DDInter427
coccidioides immitis spherule,,coccidioides immitis spherule,coccidioides immitis spherule,coccidioides immitis spherule,,,ddinter_dataset,DDInter428
codeine,,codeine,codeine,codeine,,,ddinter_dataset,DDInter429
coenzyme m,,coenzyme m,coenzyme m,coenzyme m,,,ddinter_dataset,DDInter430
colchicine,,colchicine,colchicine,colchicine,,,ddinter_dataset,DDInter431
colesevelam,,colesevelam,colesevelam,colesevelam,,,ddinter_dataset,DDInter432
colestipol,,colestipol,colestipol,colestipol,,,ddinter_dataset,DDInter433
colistimethate,,colistimethate,colistimethate,colistimethate,,,ddinter_dataset,DDInter434
collagenase clostridium histolyticum,,collagenase clostridium histolyticum,collagenase clostridium histolyticum,collagenase clostridium histolyticum,,,ddinter_dataset,DDInter435
conestat alfa,,conestat alfa,conestat alfa,conestat alfa,,,ddinter_dataset,DDInter437
conivaptan,,conivaptan,conivaptan,conivaptan,,,ddinter_dataset,DDInter438
conjugated estrogens,,conjugated estrogens,conjugated estrogens,conjugated estrogens,,,ddinter_dataset,DDInter439
conjugated estrogens topical,,conjugated estrogens topical,conjugated estrogens topical,conjugated estrogens topical,,,ddinter_dataset,DDInter440
copanlisib,,copanlisib,copanlisib,copanlisib,,,ddinter_dataset,DDInter441
copper gluconate,,copper gluconate,copper gluconate,copper gluconate,,,ddinter_dataset,DDInter442
corticotropin,,corticotropin,corticotropin,corticotropin,,,ddinter_dataset,DDInter445
cranberry,,cranberry,cranberry,cranberry,,,ddinter_dataset,DDInter446
creatine,,creatine,creatine,creatine,,,ddinter_dataset,DDInter447
crizotinib,,crizotinib,crizotinib,crizotinib,,,ddinter_dataset,DDInter448
cromoglicic acid,,cromoglicic acid,cromoglicic acid,cromoglicic acid,,,ddinter_dataset,DDInter449
cyanocobalamin,,cyanocobalamin,cyanocobalamin,cyanocobalamin,,,ddinter_dataset,DDInter451
cyclandelate,,cyclandelate,cyclandelate,cyclandelate,,,ddinter_dataset,DDInter452
cyclizine,,cyclizine,cyclizine,cyclizine,,,ddinter_dataset,DDInter453
cyclobenzaprine,,cyclobenzaprine,cyclobenzaprine,cyclobenzaprine,,,ddinter_dataset,DDInter454
cyclopentolate ophthalmic,,cyclopentolate ophthalmic,cyclopentolate ophthalmic,cyclopentolate ophthalmic,,,ddinter_dataset,DDInter455
cyclophosphamide,,cyclophosphamide,cyclophosphamide,cyclophosphamide,,,ddinter_dataset,DDInter456
cycloserine,,cycloserine,cycloserine,cycloserine,,,ddinter_dataset,DDInter457
cyclosporine,,cyclosporine,cyclosporine,cyclosporine,,,ddinter_dataset,DDInter458
cyproheptadine,,cyproheptadine,cyproheptadine,cyproheptadine,,,ddinter_dataset,DDInter459
cytarabine,,cytarabine,cytarabine,cytarabine,,,ddinter_dataset,DDInter460
cytarabine liposomal,,cytarabine liposomal,cytarabine liposomal,cytarabine liposomal,,,ddinter_dataset,DDInter461
dabrafenib,,dabrafenib,dabrafenib,dabrafenib,,,ddinter_dataset,DDInter462
dacarbazine,,dacarbazine,dacarbazine,dacarbazine,,,ddinter_dataset,DDInter463
daclatasvir,,daclatasvir,daclatasvir,daclatasvir,,,ddinter_dataset,DDInter464
dacomitinib,,dacomitinib,dacomitinib,dacomitinib,,,ddinter_dataset,DDInter465
dactinomycin,,dactinomycin,dactinomycin,dactinomycin,,,ddinter_dataset,DDInter466
dalbavancin,,dalbavancin,dalbavancin,dalbavancin,,,ddinter_dataset,DDInter467
dalfampridine,,dalfampridine,dalfampridine,dalfampridine,,,ddinter_dataset,DDInter468
dalfopristin,,dalfopristin,dalfopristin,dalfopristin,,,ddinter_dataset,DDInter469
dalteparin,,dalteparin,dalteparin,dalteparin,,,ddinter_dataset,DDInter470
danaparoid,,danaparoid,danaparoid,danaparoid,,,ddinter_dataset,DDInter471
danazol,,danazol,danazol,danazol,,,ddinter_dataset,DDInter472
dantrolene,,dantrolene,dantrolene,dantrolene,,,ddinter_dataset,DDInter473
dapagliflozin,,dapagliflozin,dapagliflozin,dapagliflozin,,,ddinter_dataset,DDInter474
dapsone,,dapsone,dapsone,dapsone,,,ddinter_dataset,DDInter475
dapsone topical,,dapsone topical,dapsone topical,dapsone topical,,,ddinter_dataset,DDInter476
daptomycin,,daptomycin,daptomycin,daptomycin,,,ddinter_dataset,DDInter477
daratumumab,,daratumumab,daratumumab,daratumumab,,,ddinter_dataset,DDInter478
darbepoetin alfa,,darbepoetin alfa,darbepoetin alfa,darbepoetin alfa,,,ddinter_dataset,DDInter479
darifenacin,,darifenacin,darifenacin,darifenacin,,,ddinter_dataset,DDInter480
darolutamide,,darolutamide,darolutamide,darolutamide,,,ddinter_dataset,DDInter481
darunavir,,darunavir,darunavir,darunavir,,,ddinter_dataset,DDInter482
dasatinib,,dasatinib,dasatinib,dasatinib,,,ddinter_dataset,DDInter484
daunorubicin,,daunorubicin,daunorubicin,daunorubicin,,,ddinter_dataset,DDInter485
daunorubicin liposomal,,daunorubicin liposomal,daunorubicin liposomal,daunorubicin liposomal,,,ddinter_dataset,DDInter486
decitabine,,decitabine,decitabine,decitabine,,,ddinter_dataset,DDInter487
deferasirox,,deferasirox,deferasirox,deferasirox,,,ddinter_dataset,DDInter488
deferiprone,,deferiprone,deferiprone,deferiprone,,,ddinter_dataset,DDInter489
deferoxamine,,deferoxamine,deferoxamine,deferoxamine,,,ddinter_dataset,DDInter490
defibrotide,,defibrotide,defibrotide,defibrotide,,,ddinter_dataset,DDInter491
deflazacort,,deflazacort,deflazacort,deflazacort,,,ddinter_dataset,DDInter492
degarelix,,degarelix,degarelix,degarelix,,,ddinter_dataset,DDInter493
delafloxacin,,delafloxacin,delafloxacin,delafloxacin,,,ddinter_dataset,DDInter495
delavirdine,,delavirdine,delavirdine,delavirdine,,,ddinter_dataset,DDInter496
demecarium ophthalmic,,demecarium ophthalmic,demecarium ophthalmic,demecarium ophthalmic,,,ddinter_dataset,DDInter497
demeclocycline,,demeclocycline,demeclocycline,demeclocycline,,,ddinter_dataset,DDInter498
denileukin diftitox,,denileukin diftitox,denileukin diftitox,denileukin diftitox,,,ddinter_dataset,DDInter499
denosumab,,denosumab,denosumab,denosumab,,,ddinter_dataset,DDInter500
deoxycholic acid,,deoxycholic acid,deoxycholic acid,deoxycholic acid,,,ddinter_dataset,DDInter501
deserpidine,,deserpidine,deserpidine,deserpidine,,,ddinter_dataset,DDInter502
desflurane,,desflurane,desflurane,desflurane,,,ddinter_dataset,DDInter503
desipramine,,desipramine,desipramine,desipramine,,,ddinter_dataset,DDInter504
desirudin,,desirudin,desirudin,desirudin,,,ddinter_dataset,DDInter505
desloratadine,,desloratadine,desloratadine,desloratadine,,,ddinter_dataset,DDInter506
desmopressin,,desmopressin,desmopressin,desmopressin,,,ddinter_dataset,DDInter507
desogestrel,,desogestrel,desogestrel,desogestrel,,,ddinter_dataset,DDInter508
desonide topical,,desonide topical,desonide topical,desonide topical,,,ddinter_dataset,DDInter509
desoximetasone topical,,desoximetasone topical,desoximetasone topical,desoximetasone topical,,,ddinter_dataset,DDInter510
desvenlafaxine,,desvenlafaxine,desvenlafaxine,desvenlafaxine,,,ddinter_dataset,DDInter511
deutetrabenazine,,deutetrabenazine,deutetrabenazine,deutetrabenazine,,,ddinter_dataset,DDInter512
dexamethasone,,dexamethasone,dexamethasone,dexamethasone,,,ddinter_dataset,DDInter513
dexamethasone nasal,,dexamethasone nasal,dexamethasone nasal,dexamethasone nasal,,,ddinter_dataset,DDInter514
dexamethasone ophthalmic,,dexamethasone ophthalmic,dexamethasone ophthalmic,dexamethasone ophthalmic,,,ddinter_dataset,DDInter515
dexamethasone topical,,dexamethasone topical,dexamethasone topical,dexamethasone topical,,,ddinter_dataset,DDInter516
dexbrompheniramine,,dexbrompheniramine,dexbrompheniramine,dexbrompheniramine,,,ddinter_dataset,DDInter517
dexfenfluramine,,dexfenfluramine,dexfenfluramine,dexfenfluramine,,,ddinter_dataset,DDInter518
dexlansoprazole,,dexlansoprazole,dexlansoprazole,dexlansoprazole,,,ddinter_dataset,DDInter519
dexmedetomidine,,dexmedetomidine,dexmedetomidine,dexmedetomidine,,,ddinter_dataset,DDInter520
dexmethylphenidate,,dexmethylphenidate,dexmethylphenidate,dexmethylphenidate,,,ddinter_dataset,DDInter521
dextran 1,,dextran 1,dextran 1,dextran 1,,,ddinter_dataset,DDInter523
dextran high molecular weight,,dextran high molecular weight,dextran high molecular weight,dextran high molecular weight,,,ddinter_dataset,DDInter524
dextran low molecular weight,,dextran low molecular weight,dextran low molecular weight,dextran low molecular weight,,,ddinter_dataset,DDInter525
dextroamphetamine,,dextroamphetamine,dextroamphetamine,dextroamphetamine,,,ddinter_dataset,DDInter526
dextromethorphan,,dextromethorphan,dextromethorphan,dextromethorphan,,,ddinter_dataset,DDInter527
dextropropoxyphene,,dextropropoxyphene,dextropropoxyphene,dextropropoxyphene,,,ddinter_dataset,DDInter528
dextrothyroxine,,dextrothyroxine,dextrothyroxine,dextrothyroxine,,,ddinter_dataset,DDInter530
dezocine,,dezocine,dezocine,dezocine,,,ddinter_dataset,DDInter531
diamorphine,,diamorphine,diamorphine,diamorphine,,,ddinter_dataset,DDInter532
diatrizoate,,diatrizoate,diatrizoate,diatrizoate,,,ddinter_dataset,DDInter533
diazepam,,diazepam,diazepam,diazepam,,,ddinter_dataset,DDInter534
diazoxide,,diazoxide,diazoxide,diazoxide,,,ddinter_dataset,DDInter535
dichloralphenazone,,dichloralphenazone,dichloralphenazone,dichloralphenazone,,,ddinter_dataset,DDInter536
diclofenac,,diclofenac,diclofenac,diclofenac,,,ddinter_dataset,DDInter537
diclofenac ophthalmic,,diclofenac ophthalmic,diclofenac ophthalmic,diclofenac ophthalmic,,,ddinter_dataset,DDInter538
diclofenac topical,,diclofenac topical,diclofenac topical,diclofenac topical,,,ddinter_dataset,DDInter539
diclofenamide,,diclofenamide,diclofenamide,diclofenamide,,,ddinter_dataset,DDInter540
dicloxacillin,,dicloxacillin,dicloxacillin,dicloxacillin,,,ddinter_dataset,DDInter541
dicoumarol,,dicoumarol,dicoumarol,dicoumarol,,,ddinter_dataset,DDInter542
dicyclomine,,dicyclomine,dicyclomine,dicyclomine,,,ddinter_dataset,DDInter543
didanosine,,didanosine,didanosine,didanosine,,,ddinter_dataset,DDInter544
dienestrol topical,,dienestrol topical,dienestrol topical,dienestrol topical,,,ddinter_dataset,DDInter545
dienogest,,dienogest,dienogest,dienogest,,,ddinter_dataset,DDInter546
diethylpropion,,diethylpropion,diethylpropion,diethylpropion,,,ddinter_dataset,DDInter547
diethylstilbestrol,,diethylstilbestrol,diethylstilbestrol,diethylstilbestrol,,,ddinter_dataset,DDInter548
difenoxin,,difenoxin,difenoxin,difenoxin,,,ddinter_dataset,DDInter549
diflorasone topical,,diflorasone topical,diflorasone topical,diflorasone topical,,,ddinter_dataset,DDInter550
diflunisal,,diflunisal,diflunisal,diflunisal,,,ddinter_dataset,DDInter551
digitoxin,,digitoxin,digitoxin,digitoxin,,,ddinter_dataset,DDInter553
digoxin,,digoxin,digoxin,digoxin,,,ddinter_dataset,DDInter554
dihydrocodeine,,dihydrocodeine,dihydrocodeine,dihydrocodeine,,,ddinter_dataset,DDInter556
dihydroergotamine,,dihydroergotamine,dihydroergotamine,dihydroergotamine,,,ddinter_dataset,DDInter557
dihydrotachysterol,,dihydrotachysterol,dihydrotachysterol,dihydrotachysterol,,,ddinter_dataset,DDInter558
diiodohydroxyquinoline,,diiodohydroxyquinoline,diiodohydroxyquinoline,diiodohydroxyquinoline,,,ddinter_dataset,DDInter559
diltiazem,,diltiazem,diltiazem,diltiazem,,,ddinter_dataset,DDInter561
dimenhydrinate,,dimenhydrinate,dimenhydrinate,dimenhydrinate,,,ddinter_dataset,DDInter562
dimercaprol,,dimercaprol,dimercaprol,dimercaprol,,,ddinter_dataset,DDInter563
dimethyl fumarate,,dimethyl fumarate,dimethyl fumarate,dimethyl fumarate,,,ddinter_dataset,DDInter564
dinoprostone topical,,dinoprostone topical,dinoprostone topical,dinoprostone topical,,,ddinter_dataset,DDInter567
dinutuximab,,dinutuximab,dinutuximab,dinutuximab,,,ddinter_dataset,DDInter568
diphenhydramine,,diphenhydramine,diphenhydramine,diphenhydramine,,,ddinter_dataset,DDInter569
diphenhydramine topical,,diphenhydramine topical,diphenhydramine topical,diphenhydramine topical,,,ddinter_dataset,DDInter570
diphenoxylate,,diphenoxylate,diphenoxylate,diphenoxylate,,,ddinter_dataset,DDInter571
dipivefrin ophthalmic,,dipivefrin ophthalmic,dipivefrin ophthalmic,dipivefrin ophthalmic,,,ddinter_dataset,DDInter572
dipyridamole,,dipyridamole,dipyridamole,dipyridamole,,,ddinter_dataset,DDInter573
diroximel fumarate,,diroximel fumarate,diroximel fumarate,diroximel fumarate,,,ddinter_dataset,DDInter574
disopyramide,,disopyramide,disopyramide,disopyramide,,,ddinter_dataset,DDInter575
disulfiram,,disulfiram,disulfiram,disulfiram,,,ddinter_dataset,DDInter576
dobutamine,,dobutamine,dobutamine,dobutamine,,,ddinter_dataset,DDInter577
docetaxel,,docetaxel,docetaxel,docetaxel,,,ddinter_dataset,DDInter578
docusate,,docusate,docusate,docusate,,,ddinter_dataset,DDInter579
dofetilide,,dofetilide,dofetilide,dofetilide,,,ddinter_dataset,DDInter580
dolasetron,,dolasetron,dolasetron,dolasetron,,,ddinter_dataset,DDInter581
dolutegravir,,dolutegravir,dolutegravir,dolutegravir,,,ddinter_dataset,DDInter582
donepezil,,donepezil,donepezil,donepezil,,,ddinter_dataset,DDInter583
dopamine,,dopamine,dopamine,dopamine,,,ddinter_dataset,DDInter584
doravirine,,doravirine,doravirine,doravirine,,,ddinter_dataset,DDInter585
doripenem,,doripenem,doripenem,doripenem,,,ddinter_dataset,DDInter586
dornase alfa,,dornase alfa,dornase alfa,dornase alfa,,,ddinter_dataset,DDInter587
dorzolamide ophthalmic,,dorzolamide ophthalmic,dorzolamide ophthalmic,dorzolamide ophthalmic,,,ddinter_dataset,DDInter588
doxacurium,,doxacurium,doxacurium,doxacurium,,,ddinter_dataset,DDInter590
doxapram,,doxapram,doxapram,doxapram,,,ddinter_dataset,DDInter591
doxazosin,,doxazosin,doxazosin,doxazosin,,,ddinter_dataset,DDInter592
doxepin,,doxepin,doxepin,doxepin,,,ddinter_dataset,DDInter593
doxepin topical,,doxepin topical,doxepin topical,doxepin topical,,,ddinter_dataset,DDInter594
doxercalciferol,,doxercalciferol,doxercalciferol,doxercalciferol,,,ddinter_dataset,DDInter595
doxorubicin,,doxorubicin,doxorubicin,doxorubicin,,,ddinter_dataset,DDInter596
doxorubicin liposomal,,doxorubicin liposomal,doxorubicin liposomal,doxorubicin liposomal,,,ddinter_dataset,DDInter597
doxycycline,,doxycycline,doxycycline,doxycycline,,,ddinter_dataset,DDInter598
doxycycline topical,,doxycycline topical,doxycycline topical,doxycycline topical,,,ddinter_dataset,DDInter599
doxylamine,,doxylamine,doxylamine,doxylamine,,,ddinter_dataset,DDInter600
dronabinol,,dronabinol,dronabinol,dronabinol,,,ddinter_dataset,DDInter601
dronedarone,,dronedarone,dronedarone,dronedarone,,,ddinter_dataset,DDInter602
droperidol,,droperidol,droperidol,droperidol,,,ddinter_dataset,DDInter603
drospirenone,,drospirenone,drospirenone,drospirenone,,,ddinter_dataset,DDInter604
drotrecogin alfa,,drotrecogin alfa,drotrecogin alfa,drotrecogin alfa,,,ddinter_dataset,DDInter605
droxidopa,,droxidopa,droxidopa,droxidopa,,,ddinter_dataset,DDInter606
dulaglutide,,dulaglutide,dulaglutide,dulaglutide,,,ddinter_dataset,DDInter607
duloxetine,,duloxetine,duloxetine,duloxetine,,,ddinter_dataset,DDInter608
dupilumab,,dupilumab,dupilumab,dupilumab,,,ddinter_dataset,DDInter609
durvalumab,,durvalumab,durvalumab,durvalumab,,,ddinter_dataset,DDInter610
dutasteride,,dutasteride,dutasteride,dutasteride,,,ddinter_dataset,DDInter611
duvelisib,,duvelisib,duvelisib,duvelisib,,,ddinter_dataset,DDInter612
dyphylline,,dyphylline,dyphylline,dyphylline,,,ddinter_dataset,DDInter613
echinacea,,echinacea,echinacea,echinacea,,,ddinter_dataset,DDInter614
echothiophate ophthalmic,,echothiophate ophthalmic,echothiophate ophthalmic,echothiophate ophthalmic,,,ddinter_dataset,DDInter615
econazole,,econazole,econazole,econazole,,,ddinter_dataset,DDInter616
econazole topical,,econazole topical,econazole topical,econazole topical,,,ddinter_dataset,DDInter617
edoxaban,,edoxaban,edoxaban,edoxaban,,,ddinter_dataset,DDInter621
edrophonium,,edrophonium,edrophonium,edrophonium,,,ddinter_dataset,DDInter622
efalizumab,,efalizumab,efalizumab,efalizumab,,,ddinter_dataset,DDInter623
efavirenz,,efavirenz,efavirenz,efavirenz,,,ddinter_dataset,DDInter624
elagolix,,elagolix,elagolix,elagolix,,,ddinter_dataset,DDInter625
elbasvir,,elbasvir,elbasvir,elbasvir,,,ddinter_dataset,DDInter626
eletriptan,,eletriptan,eletriptan,eletriptan,,,ddinter_dataset,DDInter627
elexacaftor,,elexacaftor,elexacaftor,elexacaftor,,,ddinter_dataset,DDInter628
eliglustat,,eliglustat,eliglustat,eliglustat,,,ddinter_dataset,DDInter629
elotuzumab,,elotuzumab,elotuzumab,elotuzumab,,,ddinter_dataset,DDInter630
eltrombopag,,eltrombopag,eltrombopag,eltrombopag,,,ddinter_dataset,DDInter631
eluxadoline,,eluxadoline,eluxadoline,eluxadoline,,,ddinter_dataset,DDInter632
elvitegravir,,elvitegravir,elvitegravir,elvitegravir,,,ddinter_dataset,DDInter633
emapalumab,,emapalumab,emapalumab,emapalumab,,,ddinter_dataset,DDInter634
emicizumab,,emicizumab,emicizumab,emicizumab,,,ddinter_dataset,DDInter635
empagliflozin,,empagliflozin,empagliflozin,empagliflozin,,,ddinter_dataset,DDInter636
emtricitabine,,emtricitabine,emtricitabine,emtricitabine,,,ddinter_dataset,DDInter637
enalapril,,enalapril,enalapril,enalapril,,,ddinter_dataset,DDInter638
enasidenib,,enasidenib,enasidenib,enasidenib,,,ddinter_dataset,DDInter639
encorafenib,,encorafenib,encorafenib,encorafenib,,,ddinter_dataset,DDInter640
enflurane,,enflurane,enflurane,enflurane,,,ddinter_dataset,DDInter641
enfortumab vedotin,,enfortumab vedotin,enfortumab vedotin,enfortumab vedotin,,,ddinter_dataset,DDInter642
enoxacin,,enoxacin,enoxacin,enoxacin,,,ddinter_dataset,DDInter644
enoxaparin,,enoxaparin,enoxaparin,enoxaparin,,,ddinter_dataset,DDInter645
entacapone,,entacapone,entacapone,entacapone,,,ddinter_dataset,DDInter646
entecavir,,entecavir,entecavir,entecavir,,,ddinter_dataset,DDInter647
entrectinib,,entrectinib,entrectinib,entrectinib,,,ddinter_dataset,DDInter648
enzalutamide,,enzalutamide,enzalutamide,enzalutamide,,,ddinter_dataset,DDInter649
ephedrine,,ephedrine,ephedrine,ephedrine,,,ddinter_dataset,DDInter650
ephedrine nasal,,ephedrine nasal,ephedrine nasal,ephedrine nasal,,,ddinter_dataset,DDInter651
epinephrine,,epinephrine,epinephrine,epinephrine,,,ddinter_dataset,DDInter652
epinephrine ophthalmic,,epinephrine ophthalmic,epinephrine ophthalmic,epinephrine ophthalmic,,,ddinter_dataset,DDInter653
epinephrine topical,,epinephrine topical,epinephrine topical,epinephrine topical,,,ddinter_dataset,DDInter654
epirubicin,,epirubicin,epirubicin,epirubicin,,,ddinter_dataset,DDInter655
eplerenone,,eplerenone,eplerenone,eplerenone,,,ddinter_dataset,DDInter656
epoprostenol,,epoprostenol,epoprostenol,epoprostenol,,,ddinter_dataset,DDInter657
eprosartan,,eprosartan,eprosartan,eprosartan,,,ddinter_dataset,DDInter658
eptifibatide,,eptifibatide,eptifibatide,eptifibatide,,,ddinter_dataset,DDInter659
eravacycline,,eravacycline,eravacycline,eravacycline,,,ddinter_dataset,DDInter660
erdafitinib,,erdafitinib,erdafitinib,erdafitinib,,,ddinter_dataset,DDInter661
ergocalciferol,,ergocalciferol,ergocalciferol,ergocalciferol,,,ddinter_dataset,DDInter662
ergometrine,,ergometrine,ergometrine,ergometrine,,,ddinter_dataset,DDInter664
ergotamine,,ergotamine,ergotamine,ergotamine,,,ddinter_dataset,DDInter665
eribulin,,eribulin,eribulin,eribulin,,,ddinter_dataset,DDInter666
erlotinib,,erlotinib,erlotinib,erlotinib,,,ddinter_dataset,DDInter667
ertapenem,,ertapenem,ertapenem,ertapenem,,,ddinter_dataset,DDInter668
ertugliflozin,,ertugliflozin,ertugliflozin,ertugliflozin,,,ddinter_dataset,DDInter669
erythromycin,,erythromycin,erythromycin,erythromycin,,,ddinter_dataset,DDInter670
erythropoietin,,erythropoietin,erythropoietin,erythropoietin,,,ddinter_dataset,DDInter671
escitalopram,,escitalopram,escitalopram,escitalopram,,,ddinter_dataset,DDInter672
esketamine,,esketamine,esketamine,esketamine,,,ddinter_dataset,DDInter673
eslicarbazepine,,eslicarbazepine,eslicarbazepine,eslicarbazepine,,,ddinter_dataset,DDInter674
esmolol,,esmolol,esmolol,esmolol,,,ddinter_dataset,DDInter675
esomeprazole,,esomeprazole,esomeprazole,esomeprazole,,,ddinter_dataset,DDInter676
estazolam,,estazolam,estazolam,estazolam,,,ddinter_dataset,DDInter677
esterified estrogens,,esterified estrogens,esterified estrogens,esterified estrogens,,,ddinter_dataset,DDInter678
estradiol,,estradiol,estradiol,estradiol,,,ddinter_dataset,DDInter679
estradiol topical,,estradiol topical,estradiol topical,estradiol topical,,,ddinter_dataset,DDInter680
estramustine,,estramustine,estramustine,estramustine,,,ddinter_dataset,DDInter681
estrone,,estrone,estrone,estrone,,,ddinter_dataset,DDInter682
estrone sulfate,,estrone sulfate,estrone sulfate,estrone sulfate,,,ddinter_dataset,DDInter683
estrone sulfate topical,,estrone sulfate topical,estrone sulfate topical,estrone sulfate topical,,,ddinter_dataset,DDInter684
eszopiclone,,eszopiclone,eszopiclone,eszopiclone,,,ddinter_dataset,DDInter685
etacrynic acid,,etacrynic acid,etacrynic acid,etacrynic acid,,,ddinter_dataset,DDInter686
etanercept,,etanercept,etanercept,etanercept,,,ddinter_dataset,DDInter687
ethambutol,,ethambutol,ethambutol,ethambutol,,,ddinter_dataset,DDInter689
ethanol,,ethanol,ethanol,ethanol,,,ddinter_dataset,DDInter690
ethchlorvynol,,ethchlorvynol,ethchlorvynol,ethchlorvynol,,,ddinter_dataset,DDInter691
ethinylestradiol,,ethinylestradiol,ethinylestradiol,ethinylestradiol,,,ddinter_dataset,DDInter692
ethionamide,,ethionamide,ethionamide,ethionamide,,,ddinter_dataset,DDInter694
ethosuximide,,ethosuximide,ethosuximide,ethosuximide,,,ddinter_dataset,DDInter695
ethotoin,,ethotoin,ethotoin,ethotoin,,,ddinter_dataset,DDInter696
etidocaine,,etidocaine,etidocaine,etidocaine,,,ddinter_dataset,DDInter697
etidronic acid,,etidronic acid,etidronic acid,etidronic acid,,,ddinter_dataset,DDInter698
etodolac,,etodolac,etodolac,etodolac,,,ddinter_dataset,DDInter699
etomidate,,etomidate,etomidate,etomidate,,,ddinter_dataset,DDInter700
etonogestrel,,etonogestrel,etonogestrel,etonogestrel,,,ddinter_dataset,DDInter701
etoposide,,etoposide,etoposide,etoposide,,,ddinter_dataset,DDInter702
etravirine,,etravirine,etravirine,etravirine,,,ddinter_dataset,DDInter703
everolimus,,everolimus,everolimus,everolimus,,,ddinter_dataset,DDInter704
exemestane,,exemestane,exemestane,exemestane,,,ddinter_dataset,DDInter705
exenatide,,exenatide,exenatide,exenatide,,,ddinter_dataset,DDInter706
ezetimibe,,ezetimibe,ezetimibe,ezetimibe,,,ddinter_dataset,DDInter707
ezogabine,,ezogabine,ezogabine,ezogabine,,,ddinter_dataset,DDInter708
factor ix complex human,,factor ix complex human,factor ix complex human,factor ix complex human,,,ddinter_dataset,DDInter709
famciclovir,,famciclovir,famciclovir,famciclovir,,,ddinter_dataset,DDInter711
famotidine,,famotidine,famotidine,famotidine,,,ddinter_dataset,DDInter712
febuxostat,,febuxostat,febuxostat,febuxostat,,,ddinter_dataset,DDInter713
fedratinib,,fedratinib,fedratinib,fedratinib,,,ddinter_dataset,DDInter714
felbamate,,felbamate,felbamate,felbamate,,,ddinter_dataset,DDInter715
felodipine,,felodipine,felodipine,felodipine,,,ddinter_dataset,DDInter716
fenfluramine,,fenfluramine,fenfluramine,fenfluramine,,,ddinter_dataset,DDInter717
fenofibrate,,fenofibrate,fenofibrate,fenofibrate,,,ddinter_dataset,DDInter718
fenofibric acid,,fenofibric acid,fenofibric acid,fenofibric acid,,,ddinter_dataset,DDInter719
fenoldopam,,fenoldopam,fenoldopam,fenoldopam,,,ddinter_dataset,DDInter720
fenoprofen,,fenoprofen,fenoprofen,fenoprofen,,,ddinter_dataset,DDInter721
fentanyl,,fentanyl,fentanyl,fentanyl,,,ddinter_dataset,DDInter722
ferric carboxymaltose,,ferric carboxymaltose,ferric carboxymaltose,ferric carboxymaltose,,,ddinter_dataset,DDInter723
ferric derisomaltose,,ferric derisomaltose,ferric derisomaltose,ferric derisomaltose,,,ddinter_dataset,DDInter724
ferrous fumarate,,ferrous fumarate,ferrous fumarate,ferrous fumarate,,,ddinter_dataset,DDInter725
ferrous gluconate,,ferrous gluconate,ferrous gluconate,ferrous gluconate,,,ddinter_dataset,DDInter726
ferrous sulfate anhydrous,,ferrous sulfate anhydrous,ferrous sulfate anhydrous,ferrous sulfate anhydrous,,,ddinter_dataset,DDInter727
ferumoxytol,,ferumoxytol,ferumoxytol,ferumoxytol,,,ddinter_dataset,DDInter730
fesoterodine,,fesoterodine,fesoterodine,fesoterodine,,,ddinter_dataset,DDInter731
fexofenadine,,fexofenadine,fexofenadine,fexofenadine,,,ddinter_dataset,DDInter732
fibrinogen human,,fibrinogen human,fibrinogen human,fibrinogen human,,,ddinter_dataset,DDInter733
fidaxomicin,,fidaxomicin,fidaxomicin,fidaxomicin,,,ddinter_dataset,DDInter734
filgrastim,,filgrastim,filgrastim,filgrastim,,,ddinter_dataset,DDInter735
finasteride,,finasteride,finasteride,finasteride,,,ddinter_dataset,DDInter736
fingolimod,,fingolimod,fingolimod,fingolimod,,,ddinter_dataset,DDInter737
flavoxate,,flavoxate,flavoxate,flavoxate,,,ddinter_dataset,DDInter738
flecainide,,flecainide,flecainide,flecainide,,,ddinter_dataset,DDInter740
flibanserin,,flibanserin,flibanserin,flibanserin,,,ddinter_dataset,DDInter741
floxuridine,,floxuridine,floxuridine,floxuridine,,,ddinter_dataset,DDInter742
fluconazole,,fluconazole,fluconazole,fluconazole,,,ddinter_dataset,DDInter743
flucytosine,,flucytosine,flucytosine,flucytosine,,,ddinter_dataset,DDInter744
fludarabine,,fludarabine,fludarabine,fludarabine,,,ddinter_dataset,DDInter745
fludeoxyglucose 18f,,fludeoxyglucose 18f,fludeoxyglucose 18f,fludeoxyglucose 18f,,,ddinter_dataset,DDInter746
fludrocortisone,,fludrocortisone,fludrocortisone,fludrocortisone,,,ddinter_dataset,DDInter747
flumazenil,,flumazenil,flumazenil,flumazenil,,,ddinter_dataset,DDInter748
flunisolide,,flunisolide,flunisolide,flunisolide,,,ddinter_dataset,DDInter749
flunisolide nasal,,flunisolide nasal,flunisolide nasal,flunisolide nasal,,,ddinter_dataset,DDInter750
fluocinolone acetonide,,fluocinolone acetonide,fluocinolone acetonide,fluocinolone acetonide,,,ddinter_dataset,DDInter751
fluocinonide,,fluocinonide,fluocinonide,fluocinonide,,,ddinter_dataset,DDInter752
fluocinonide topical,,fluocinonide topical,fluocinonide topical,fluocinonide topical,,,ddinter_dataset,DDInter753
fluorometholone,,fluorometholone,fluorometholone,fluorometholone,,,ddinter_dataset,DDInter755
fluorometholone ophthalmic,,fluorometholone ophthalmic,fluorometholone ophthalmic,fluorometholone ophthalmic,,,ddinter_dataset,DDInter756
fluorouracil,,fluorouracil,fluorouracil,fluorouracil,,,ddinter_dataset,DDInter757
fluoxetine,,fluoxetine,fluoxetine,fluoxetine,,,ddinter_dataset,DDInter758
fluoxymesterone,,fluoxymesterone,fluoxymesterone,fluoxymesterone,,,ddinter_dataset,DDInter759
fluphenazine,,fluphenazine,fluphenazine,fluphenazine,,,ddinter_dataset,DDInter760
flurandrenolide topical,,flurandrenolide topical,flurandrenolide topical,flurandrenolide topical,,,ddinter_dataset,DDInter761
flurazepam,,flurazepam,flurazepam,flurazepam,,,ddinter_dataset,DDInter762
flurbiprofen,,flurbiprofen,flurbiprofen,flurbiprofen,,,ddinter_dataset,DDInter763
flurbiprofen ophthalmic,,flurbiprofen ophthalmic,flurbiprofen ophthalmic,flurbiprofen ophthalmic,,,ddinter_dataset,DDInter764
flutamide,,flutamide,flutamide,flutamide,,,ddinter_dataset,DDInter765
fluticasone,,fluticasone,fluticasone,fluticasone,,,ddinter_dataset,DDInter766
fluticasone nasal,,fluticasone nasal,fluticasone nasal,fluticasone nasal,,,ddinter_dataset,DDInter767
fluticasone topical,,fluticasone topical,fluticasone topical,fluticasone topical,,,ddinter_dataset,DDInter768
fluvastatin,,fluvastatin,fluvastatin,fluvastatin,,,ddinter_dataset,DDInter769
fluvoxamine,,fluvoxamine,fluvoxamine,fluvoxamine,,,ddinter_dataset,DDInter770
folic acid,,folic acid,folic acid,folic acid,,,ddinter_dataset,DDInter771
fondaparinux,,fondaparinux,fondaparinux,fondaparinux,,,ddinter_dataset,DDInter775
formoterol,,formoterol,formoterol,formoterol,,,ddinter_dataset,DDInter776
fosamprenavir,,fosamprenavir,fosamprenavir,fosamprenavir,,,ddinter_dataset,DDInter777
fosaprepitant,,fosaprepitant,fosaprepitant,fosaprepitant,,,ddinter_dataset,DDInter778
foscarnet,,foscarnet,foscarnet,foscarnet,,,ddinter_dataset,DDInter779
fosfomycin,,fosfomycin,fosfomycin,fosfomycin,,,ddinter_dataset,DDInter780
fosinopril,,fosinopril,fosinopril,fosinopril,,,ddinter_dataset,DDInter781
fosnetupitant,,fosnetupitant,fosnetupitant,fosnetupitant,,,ddinter_dataset,DDInter782
fosphenytoin,,fosphenytoin,fosphenytoin,fosphenytoin,,,ddinter_dataset,DDInter783
fospropofol,,fospropofol,fospropofol,fospropofol,,,ddinter_dataset,DDInter784
fostamatinib,,fostamatinib,fostamatinib,fostamatinib,,,ddinter_dataset,DDInter785
fostemsavir,,fostemsavir,fostemsavir,fostemsavir,,,ddinter_dataset,DDInter786
frangula purshiana bark,,frangula purshiana bark,frangula purshiana bark,frangula purshiana bark,,,ddinter_dataset,DDInter787
frovatriptan,,frovatriptan,frovatriptan,frovatriptan,,,ddinter_dataset,DDInter788
fulvestrant,,fulvestrant,fulvestrant,fulvestrant,,,ddinter_dataset,DDInter789
furosemide,,furosemide,furosemide,furosemide,,,ddinter_dataset,DDInter790
gabapentin,,gabapentin,gabapentin,gabapentin,,,ddinter_dataset,DDInter791
gadodiamide,,gadodiamide,gadodiamide,gadodiamide,,,ddinter_dataset,DDInter794
gadoversetamide,,gadoversetamide,gadoversetamide,gadoversetamide,,,ddinter_dataset,DDInter799
galactose,,galactose,galactose,galactose,,,ddinter_dataset,DDInter801
galantamine,,galantamine,galantamine,galantamine,,,ddinter_dataset,DDInter802
gallium chloride ga 67,,gallium chloride ga 67,gallium chloride ga 67,gallium chloride ga 67,,,ddinter_dataset,DDInter803
gallium nitrate,,gallium nitrate,gallium nitrate,gallium nitrate,,,ddinter_dataset,DDInter804
gamma aminobutyric acid,,gamma aminobutyric acid,gamma aminobutyric acid,gamma aminobutyric acid,,,ddinter_dataset,DDInter805
ganciclovir,,ganciclovir,ganciclovir,ganciclovir,,,ddinter_dataset,DDInter806
garlic,,garlic,garlic,garlic,,,ddinter_dataset,DDInter808
gatifloxacin,,gatifloxacin,gatifloxacin,gatifloxacin,,,ddinter_dataset,DDInter809
gefitinib,,gefitinib,gefitinib,gefitinib,,,ddinter_dataset,DDInter810
gemcitabine,,gemcitabine,gemcitabine,gemcitabine,,,ddinter_dataset,DDInter811
gemfibrozil,,gemfibrozil,gemfibrozil,gemfibrozil,,,ddinter_dataset,DDInter812
gemifloxacin,,gemifloxacin,gemifloxacin,gemifloxacin,,,ddinter_dataset,DDInter813
gemtuzumab ozogamicin,,gemtuzumab ozogamicin,gemtuzumab ozogamicin,gemtuzumab ozogamicin,,,ddinter_dataset,DDInter814
gentamicin,,gentamicin,gentamicin,gentamicin,,,ddinter_dataset,DDInter815
gentamicin topical,,gentamicin topical,gentamicin topical,gentamicin topical,,,ddinter_dataset,DDInter816
gilteritinib,,gilteritinib,gilteritinib,gilteritinib,,,ddinter_dataset,DDInter817
ginger,,ginger,ginger,ginger,,,ddinter_dataset,DDInter818
ginkgo biloba,,ginkgo biloba,ginkgo biloba,ginkgo biloba,,,ddinter_dataset,DDInter819
ginseng,,ginseng,ginseng,ginseng,,,ddinter_dataset,DDInter820
givosiran,,givosiran,givosiran,givosiran,,,ddinter_dataset,DDInter821
glasdegib,,glasdegib,glasdegib,glasdegib,,,ddinter_dataset,DDInter822
glecaprevir,,glecaprevir,glecaprevir,glecaprevir,,,ddinter_dataset,DDInter824
glimepiride,,glimepiride,glimepiride,glimepiride,,,ddinter_dataset,DDInter825
glipizide,,glipizide,glipizide,glipizide,,,ddinter_dataset,DDInter826
glucagon,,glucagon,glucagon,glucagon,,,ddinter_dataset,DDInter827
glucosamine,,glucosamine,glucosamine,glucosamine,,,ddinter_dataset,DDInter829
glutamic acid,,glutamic acid,glutamic acid,glutamic acid,,,ddinter_dataset,DDInter830
glyburide,,glyburide,glyburide,glyburide,,,ddinter_dataset,DDInter831
glycerin,,glycerin,glycerin,glycerin,,,ddinter_dataset,DDInter832
glycerol phenylbutyrate,,glycerol phenylbutyrate,glycerol phenylbutyrate,glycerol phenylbutyrate,,,ddinter_dataset,DDInter833
glycopyrronium,,glycopyrronium,glycopyrronium,glycopyrronium,,,ddinter_dataset,DDInter834
glycopyrronium topical,,glycopyrronium topical,glycopyrronium topical,glycopyrronium topical,,,ddinter_dataset,DDInter835
goldenseal,,goldenseal,goldenseal,goldenseal,,,ddinter_dataset,DDInter836
golimumab,,golimumab,golimumab,golimumab,,,ddinter_dataset,DDInter837
goserelin,,goserelin,goserelin,goserelin,,,ddinter_dataset,DDInter839
granisetron,,granisetron,granisetron,granisetron,,,ddinter_dataset,DDInter840
grazoprevir,,grazoprevir,grazoprevir,grazoprevir,,,ddinter_dataset,DDInter841
grepafloxacin,,grepafloxacin,grepafloxacin,grepafloxacin,,,ddinter_dataset,DDInter842
griseofulvin,,griseofulvin,griseofulvin,griseofulvin,,,ddinter_dataset,DDInter843
guanabenz,,guanabenz,guanabenz,guanabenz,,,ddinter_dataset,DDInter844
guanadrel,,guanadrel,guanadrel,guanadrel,,,ddinter_dataset,DDInter845
guanethidine,,guanethidine,guanethidine,guanethidine,,,ddinter_dataset,DDInter846
guanfacine,,guanfacine,guanfacine,guanfacine,,,ddinter_dataset,DDInter847
guanidine,,guanidine,guanidine,guanidine,,,ddinter_dataset,DDInter848
guselkumab,,guselkumab,guselkumab,guselkumab,,,ddinter_dataset,DDInter849
halazepam,,halazepam,halazepam,halazepam,,,ddinter_dataset,DDInter850
halcinonide topical,,halcinonide topical,halcinonide topical,halcinonide topical,,,ddinter_dataset,DDInter851
halofantrine,,halofantrine,halofantrine,halofantrine,,,ddinter_dataset,DDInter852
haloperidol,,haloperidol,haloperidol,haloperidol,,,ddinter_dataset,DDInter853
halothane,,halothane,halothane,halothane,,,ddinter_dataset,DDInter854
hemin,,hemin,hemin,hemin,,,ddinter_dataset,DDInter855
heparin,,heparin,heparin,heparin,,,ddinter_dataset,DDInter856
heparin flush,,heparin flush,heparin flush,heparin flush,,,ddinter_dataset,DDInter857
hepatitis a vaccine,,hepatitis a vaccine,hepatitis a vaccine,hepatitis a vaccine,,,ddinter_dataset,DDInter858
hepatitis b vaccine recombinant,,hepatitis b vaccine recombinant,hepatitis b vaccine recombinant,hepatitis b vaccine recombinant,,,ddinter_dataset,DDInter860
histamine,,histamine,histamine,histamine,,,ddinter_dataset,DDInter863
histrelin,,histrelin,histrelin,histrelin,,,ddinter_dataset,DDInter864
homatropine,,homatropine,homatropine,homatropine,,,ddinter_dataset,DDInter865
homatropine ophthalmic,,homatropine ophthalmic,homatropine ophthalmic,homatropine ophthalmic,,,ddinter_dataset,DDInter866
human adenovirus e serotype 4 strain cl 68578 antigen,,human adenovirus e serotype 4 strain cl 68578 antigen,human adenovirus e serotype 4 strain cl 68578 antigen,human adenovirus e serotype 4 strain cl 68578 antigen,,,ddinter_dataset,DDInter867
human botulinum neurotoxin a b immune globulin,,human botulinum neurotoxin a b immune globulin,human botulinum neurotoxin a b immune globulin,human botulinum neurotoxin a b immune globulin,,,ddinter_dataset,DDInter868
human c1 esterase inhibitor,,human c1 esterase inhibitor,human c1 esterase inhibitor,human c1 esterase inhibitor,,,ddinter_dataset,DDInter869
human cytomegalovirus immune globulin,,human cytomegalovirus immune globulin,human cytomegalovirus immune globulin,human cytomegalovirus immune globulin,,,ddinter_dataset,DDInter870
human immunoglobulin g intravenous,,human immunoglobulin g intravenous,human immunoglobulin g intravenous,human immunoglobulin g intravenous,,,ddinter_dataset,DDInter873
human immunoglobulin g intravenous and subcutaneous,,human immunoglobulin g intravenous and subcutaneous,human immunoglobulin g intravenous and subcutaneous,human immunoglobulin g intravenous and subcutaneous,,,ddinter_dataset,DDInter872
human papillomavirus type 11 l1 capsid protein antigen,,human papillomavirus type 11 l1 capsid protein antigen,human papillomavirus type 11 l1 capsid protein antigen,human papillomavirus type 11 l1 capsid protein antigen,,,ddinter_dataset,DDInter875
human rho d immune globulin,,human rho d immune globulin,human rho d immune globulin,human rho d immune globulin,,,ddinter_dataset,DDInter877
hyaluronic acid,,hyaluronic acid,hyaluronic acid,hyaluronic acid,,,ddinter_dataset,DDInter880
hyaluronidase,,hyaluronidase,hyaluronidase,hyaluronidase,,,ddinter_dataset,DDInter881
hydralazine,,hydralazine,hydralazine,hydralazine,,,ddinter_dataset,DDInter882
hydrochlorothiazide,,hydrochlorothiazide,hydrochlorothiazide,hydrochlorothiazide,,,ddinter_dataset,DDInter883
hydrocodone,,hydrocodone,hydrocodone,hydrocodone,,,ddinter_dataset,DDInter884
hydrocortisone,,hydrocortisone,hydrocortisone,hydrocortisone,,,ddinter_dataset,DDInter885
hydrocortisone butyrate,,hydrocortisone butyrate,hydrocortisone butyrate,hydrocortisone butyrate,,,ddinter_dataset,DDInter888
hydrocortisone ophthalmic,,hydrocortisone ophthalmic,hydrocortisone ophthalmic,hydrocortisone ophthalmic,,,ddinter_dataset,DDInter886
hydrocortisone topical,,hydrocortisone topical,hydrocortisone topical,hydrocortisone topical,,,ddinter_dataset,DDInter887
hydroflumethiazide,,hydroflumethiazide,hydroflumethiazide,hydroflumethiazide,,,ddinter_dataset,DDInter889
hydromorphone,,hydromorphone,hydromorphone,hydromorphone,,,ddinter_dataset,DDInter890
hydroxocobalamin,,hydroxocobalamin,hydroxocobalamin,hydroxocobalamin,,,ddinter_dataset,DDInter891
hydroxyamphetamine ophthalmic,,hydroxyamphetamine ophthalmic,hydroxyamphetamine ophthalmic,hydroxyamphetamine ophthalmic,,,ddinter_dataset,DDInter892
hydroxychloroquine,,hydroxychloroquine,hydroxychloroquine,hydroxychloroquine,,,ddinter_dataset,DDInter893
hydroxyurea,,hydroxyurea,hydroxyurea,hydroxyurea,,,ddinter_dataset,DDInter894
hydroxyzine,,hydroxyzine,hydroxyzine,hydroxyzine,,,ddinter_dataset,DDInter895
hyoscyamine,,hyoscyamine,hyoscyamine,hyoscyamine,,,ddinter_dataset,DDInter896
ibandronate,,ibandronate,ibandronate,ibandronate,,,ddinter_dataset,DDInter897
ibritumomab tiuxetan,,ibritumomab tiuxetan,ibritumomab tiuxetan,ibritumomab tiuxetan,,,ddinter_dataset,DDInter898
ibrutinib,,ibrutinib,ibrutinib,ibrutinib,,,ddinter_dataset,DDInter899
ibuprofen,,ibuprofen,ibuprofen,ibuprofen,,,ddinter_dataset,DDInter900
ibutilide,,ibutilide,ibutilide,ibutilide,,,ddinter_dataset,DDInter901
icatibant,,icatibant,icatibant,icatibant,,,ddinter_dataset,DDInter902
icosapent,,icosapent,icosapent,icosapent,,,ddinter_dataset,DDInter903
idarubicin,,idarubicin,idarubicin,idarubicin,,,ddinter_dataset,DDInter904
idelalisib,,idelalisib,idelalisib,idelalisib,,,ddinter_dataset,DDInter905
ifosfamide,,ifosfamide,ifosfamide,ifosfamide,,,ddinter_dataset,DDInter906
iloperidone,,iloperidone,iloperidone,iloperidone,,,ddinter_dataset,DDInter907
iloprost,,iloprost,iloprost,iloprost,,,ddinter_dataset,DDInter908
imatinib,,imatinib,imatinib,imatinib,,,ddinter_dataset,DDInter909
imiglucerase,,imiglucerase,imiglucerase,imiglucerase,,,ddinter_dataset,DDInter910
imipenem,,imipenem,imipenem,imipenem,,,ddinter_dataset,DDInter911
imipramine,,imipramine,imipramine,imipramine,,,ddinter_dataset,DDInter912
imiquimod,,imiquimod,imiquimod,imiquimod,,,ddinter_dataset,DDInter913
indacaterol,,indacaterol,indacaterol,indacaterol,,,ddinter_dataset,DDInter915
indapamide,,indapamide,indapamide,indapamide,,,ddinter_dataset,DDInter916
indinavir,,indinavir,indinavir,indinavir,,,ddinter_dataset,DDInter917
indium in 111 oxyquinoline,,indium in 111 oxyquinoline,indium in 111 oxyquinoline,indium in 111 oxyquinoline,,,ddinter_dataset,DDInter918
indomethacin,,indomethacin,indomethacin,indomethacin,,,ddinter_dataset,DDInter921
inebilizumab,,inebilizumab,inebilizumab,inebilizumab,,,ddinter_dataset,DDInter922
infliximab,,infliximab,infliximab,infliximab,,,ddinter_dataset,DDInter923
influenza a virus a california 7 2009 h1n1 like antigen propiolactone inactivated,,influenza a virus a california 7 2009 h1n1 like antigen propiolactone inactivated,influenza a virus a california 7 2009 h1n1 like antigen propiolactone inactivated,influenza a virus a california 7 2009 h1n1 like antigen propiolactone inactivated,,,ddinter_dataset,DDInter924
influenza a virus a vietnam 1194 2004 h5n1 antigen formaldehyde inactivated,,influenza a virus a vietnam 1194 2004 h5n1 antigen formaldehyde inactivated,influenza a virus a vietnam 1194 2004 h5n1 antigen formaldehyde inactivated,influenza a virus a vietnam 1194 2004 h5n1 antigen formaldehyde inactivated,,,ddinter_dataset,DDInter925
inotersen,,inotersen,inotersen,inotersen,,,ddinter_dataset,DDInter926
inotuzumab ozogamicin,,inotuzumab ozogamicin,inotuzumab ozogamicin,inotuzumab ozogamicin,,,ddinter_dataset,DDInter927
insulin aspart aspart,,insulin aspart aspart,insulin aspart aspart,insulin aspart aspart,,,ddinter_dataset,DDInter929
insulin aspart aspart protamine,,insulin aspart aspart protamine,insulin aspart aspart protamine,insulin aspart aspart protamine,,,ddinter_dataset,DDInter928
insulin degludec,,insulin degludec,insulin degludec,insulin degludec,,,ddinter_dataset,DDInter930
insulin detemir,,insulin detemir,insulin detemir,insulin detemir,,,ddinter_dataset,DDInter931
insulin glargine,,insulin glargine,insulin glargine,insulin glargine,,,ddinter_dataset,DDInter932
insulin glulisine,,insulin glulisine,insulin glulisine,insulin glulisine,,,ddinter_dataset,DDInter933
insulin human,,insulin human,insulin human,insulin human,,,ddinter_dataset,DDInter934
insulin human inhalation rapid acting,,insulin human inhalation rapid acting,insulin human inhalation rapid acting,insulin human inhalation rapid acting,,,ddinter_dataset,DDInter935
insulin human isophane,,insulin human isophane,insulin human isophane,insulin human isophane,,,ddinter_dataset,DDInter936
insulin human regular,,insulin human regular,insulin human regular,insulin human regular,,,ddinter_dataset,DDInter937
insulin human zinc,,insulin human zinc,insulin human zinc,insulin human zinc,,,ddinter_dataset,DDInter939
insulin human zinc extended,,insulin human zinc extended,insulin human zinc extended,insulin human zinc extended,,,ddinter_dataset,DDInter938
insulin lispro,,insulin lispro,insulin lispro,insulin lispro,,,ddinter_dataset,DDInter940
insulin lispro protamine,,insulin lispro protamine,insulin lispro protamine,insulin lispro protamine,,,ddinter_dataset,DDInter941
interferon alfa 2a recombinant,,interferon alfa 2a recombinant,interferon alfa 2a recombinant,interferon alfa 2a recombinant,,,ddinter_dataset,DDInter942
interferon alfa 2b,,interferon alfa 2b,interferon alfa 2b,interferon alfa 2b,,,ddinter_dataset,DDInter943
interferon alfa n1,,interferon alfa n1,interferon alfa n1,interferon alfa n1,,,ddinter_dataset,DDInter944
interferon alfa n3,,interferon alfa n3,interferon alfa n3,interferon alfa n3,,,ddinter_dataset,DDInter945
interferon alfacon 1,,interferon alfacon 1,interferon alfacon 1,interferon alfacon 1,,,ddinter_dataset,DDInter946
interferon beta 1a,,interferon beta 1a,interferon beta 1a,interferon beta 1a,,,ddinter_dataset,DDInter947
interferon beta 1b,,interferon beta 1b,interferon beta 1b,interferon beta 1b,,,ddinter_dataset,DDInter948
interferon gamma 1b,,interferon gamma 1b,interferon gamma 1b,interferon gamma 1b,,,ddinter_dataset,DDInter949
inulin,,inulin,inulin,inulin,,,ddinter_dataset,DDInter950
iobenguane i 123,,iobenguane i 123,iobenguane i 123,iobenguane i 123,,,ddinter_dataset,DDInter951
iobenguane i 131,,iobenguane i 131,iobenguane i 131,iobenguane i 131,,,ddinter_dataset,DDInter952
iodide i 123,,iodide i 123,iodide i 123,iodide i 123,,,ddinter_dataset,DDInter953
iodide i 131,,iodide i 131,iodide i 131,iodide i 131,,,ddinter_dataset,DDInter954
iodipamide,,iodipamide,iodipamide,iodipamide,,,ddinter_dataset,DDInter957
iodixanol,,iodixanol,iodixanol,iodixanol,,,ddinter_dataset,DDInter958
ioflupane i 123,,ioflupane i 123,ioflupane i 123,ioflupane i 123,,,ddinter_dataset,DDInter959
iohexol,,iohexol,iohexol,iohexol,,,ddinter_dataset,DDInter960
iopamidol,,iopamidol,iopamidol,iopamidol,,,ddinter_dataset,DDInter961
iopromide,,iopromide,iopromide,iopromide,,,ddinter_dataset,DDInter964
iothalamic acid,,iothalamic acid,iothalamic acid,iothalamic acid,,,ddinter_dataset,DDInter965
ioversol,,ioversol,ioversol,ioversol,,,ddinter_dataset,DDInter966
ioxilan,,ioxilan,ioxilan,ioxilan,,,ddinter_dataset,DDInter967
ipecac,,ipecac,ipecac,ipecac,,,ddinter_dataset,DDInter968
ipilimumab,,ipilimumab,ipilimumab,ipilimumab,,,ddinter_dataset,DDInter969
ipratropium,,ipratropium,ipratropium,ipratropium,,,ddinter_dataset,DDInter970
ipratropium nasal,,ipratropium nasal,ipratropium nasal,ipratropium nasal,,,ddinter_dataset,DDInter971
irbesartan,,irbesartan,irbesartan,irbesartan,,,ddinter_dataset,DDInter972
irinotecan,,irinotecan,irinotecan,irinotecan,,,ddinter_dataset,DDInter973
irinotecan liposomal,,irinotecan liposomal,irinotecan liposomal,irinotecan liposomal,,,ddinter_dataset,DDInter974
iron,,iron,iron,iron,,,ddinter_dataset,DDInter975
iron dextran,,iron dextran,iron dextran,iron dextran,,,ddinter_dataset,DDInter976
iron protein succinylate,,iron protein succinylate,iron protein succinylate,iron protein succinylate,,,ddinter_dataset,DDInter977
iron sucrose,,iron sucrose,iron sucrose,iron sucrose,,,ddinter_dataset,DDInter978
isatuximab,,isatuximab,isatuximab,isatuximab,,,ddinter_dataset,DDInter979
isavuconazonium,,isavuconazonium,isavuconazonium,isavuconazonium,,,ddinter_dataset,DDInter980
isocarboxazid,,isocarboxazid,isocarboxazid,isocarboxazid,,,ddinter_dataset,DDInter981
isoetharine,,isoetharine,isoetharine,isoetharine,,,ddinter_dataset,DDInter982
isoflurane,,isoflurane,isoflurane,isoflurane,,,ddinter_dataset,DDInter983
isoflurophate ophthalmic,,isoflurophate ophthalmic,isoflurophate ophthalmic,isoflurophate ophthalmic,,,ddinter_dataset,DDInter984
isometheptene,,isometheptene,isometheptene,isometheptene,,,ddinter_dataset,DDInter985
isoniazid,,isoniazid,isoniazid,isoniazid,,,ddinter_dataset,DDInter986
isoprenaline,,isoprenaline,isoprenaline,isoprenaline,,,ddinter_dataset,DDInter987
isosorbide,,isosorbide,isosorbide,isosorbide,,,ddinter_dataset,DDInter988
isosorbide dinitrate,,isosorbide dinitrate,isosorbide dinitrate,isosorbide dinitrate,,,ddinter_dataset,DDInter989
isosorbide mononitrate,,isosorbide mononitrate,isosorbide mononitrate,isosorbide mononitrate,,,ddinter_dataset,DDInter990
isotretinoin,,isotretinoin,isotretinoin,isotretinoin,,,ddinter_dataset,DDInter991
isoxsuprine,,isoxsuprine,isoxsuprine,isoxsuprine,,,ddinter_dataset,DDInter992
isradipine,,isradipine,isradipine,isradipine,,,ddinter_dataset,DDInter993
istradefylline,,istradefylline,istradefylline,istradefylline,,,ddinter_dataset,DDInter994
itraconazole,,itraconazole,itraconazole,itraconazole,,,ddinter_dataset,DDInter995
ivabradine,,ivabradine,ivabradine,ivabradine,,,ddinter_dataset,DDInter996
ivacaftor,,ivacaftor,ivacaftor,ivacaftor,,,ddinter_dataset,DDInter997
ivermectin,,ivermectin,ivermectin,ivermectin,,,ddinter_dataset,DDInter998
ivosidenib,,ivosidenib,ivosidenib,ivosidenib,,,ddinter_dataset,DDInter1000
ixabepilone,,ixabepilone,ixabepilone,ixabepilone,,,ddinter_dataset,DDInter1001
ixazomib,,ixazomib,ixazomib,ixazomib,,,ddinter_dataset,DDInter1002
ixekizumab,,ixekizumab,ixekizumab,ixekizumab,,,ddinter_dataset,DDInter1003
kanamycin,,kanamycin,kanamycin,kanamycin,,,ddinter_dataset,DDInter1004
kaolin,,kaolin,kaolin,kaolin,,,ddinter_dataset,DDInter1005
kava,,kava,kava,kava,,,ddinter_dataset,DDInter1006
ketamine,,ketamine,ketamine,ketamine,,,ddinter_dataset,DDInter1007
ketoconazole,,ketoconazole,ketoconazole,ketoconazole,,,ddinter_dataset,DDInter1008
ketoprofen,,ketoprofen,ketoprofen,ketoprofen,,,ddinter_dataset,DDInter1009
ketorolac,,ketorolac,ketorolac,ketorolac,,,ddinter_dataset,DDInter1010
ketorolac ophthalmic,,ketorolac ophthalmic,ketorolac ophthalmic,ketorolac ophthalmic,,,ddinter_dataset,DDInter1011
ketotifen,,ketotifen,ketotifen,ketotifen,,,ddinter_dataset,DDInter1012
labetalol,,labetalol,labetalol,labetalol,,,ddinter_dataset,DDInter1013
lacosamide,,lacosamide,lacosamide,lacosamide,,,ddinter_dataset,DDInter1014
lactic acid,,lactic acid,lactic acid,lactic acid,,,ddinter_dataset,DDInter1015
lactitol,,lactitol,lactitol,lactitol,,,ddinter_dataset,DDInter1016
lactobacillus acidophilus,,lactobacillus acidophilus,lactobacillus acidophilus,lactobacillus acidophilus,,,ddinter_dataset,DDInter1017
lactulose,,lactulose,lactulose,lactulose,,,ddinter_dataset,DDInter1018
lamivudine,,lamivudine,lamivudine,lamivudine,,,ddinter_dataset,DDInter1019
lamotrigine,,lamotrigine,lamotrigine,lamotrigine,,,ddinter_dataset,DDInter1020
lanreotide,,lanreotide,lanreotide,lanreotide,,,ddinter_dataset,DDInter1021
lansoprazole,,lansoprazole,lansoprazole,lansoprazole,,,ddinter_dataset,DDInter1022
lanthanum carbonate,,lanthanum carbonate,lanthanum carbonate,lanthanum carbonate,,,ddinter_dataset,DDInter1023
lapatinib,,lapatinib,lapatinib,lapatinib,,,ddinter_dataset,DDInter1024
laronidase,,laronidase,laronidase,laronidase,,,ddinter_dataset,DDInter1025
larotrectinib,,larotrectinib,larotrectinib,larotrectinib,,,ddinter_dataset,DDInter1026
lasmiditan,,lasmiditan,lasmiditan,lasmiditan,,,ddinter_dataset,DDInter1027
latanoprost,,latanoprost,latanoprost,latanoprost,,,ddinter_dataset,DDInter1028
ledipasvir,,ledipasvir,ledipasvir,ledipasvir,,,ddinter_dataset,DDInter1031
lefamulin,,lefamulin,lefamulin,lefamulin,,,ddinter_dataset,DDInter1032
leflunomide,,leflunomide,leflunomide,leflunomide,,,ddinter_dataset,DDInter1033
lemborexant,,lemborexant,lemborexant,lemborexant,,,ddinter_dataset,DDInter1034
lenalidomide,,lenalidomide,lenalidomide,lenalidomide,,,ddinter_dataset,DDInter1035
lenvatinib,,lenvatinib,lenvatinib,lenvatinib,,,ddinter_dataset,DDInter1036
lepirudin,,lepirudin,lepirudin,lepirudin,,,ddinter_dataset,DDInter1037
lesinurad,,lesinurad,lesinurad,lesinurad,,,ddinter_dataset,DDInter1038
letermovir,,letermovir,letermovir,letermovir,,,ddinter_dataset,DDInter1039
letrozole,,letrozole,letrozole,letrozole,,,ddinter_dataset,DDInter1040
leucovorin,,leucovorin,leucovorin,leucovorin,,,ddinter_dataset,DDInter1041
leuprolide,,leuprolide,leuprolide,leuprolide,,,ddinter_dataset,DDInter1042
levacetylmethadol,,levacetylmethadol,levacetylmethadol,levacetylmethadol,,,ddinter_dataset,DDInter1043
levamisole,,levamisole,levamisole,levamisole,,,ddinter_dataset,DDInter1044
levamlodipine,,levamlodipine,levamlodipine,levamlodipine,,,ddinter_dataset,DDInter1045
levetiracetam,,levetiracetam,levetiracetam,levetiracetam,,,ddinter_dataset,DDInter1046
levmetamfetamine nasal,,levmetamfetamine nasal,levmetamfetamine nasal,levmetamfetamine nasal,,,ddinter_dataset,DDInter1047
levobetaxolol ophthalmic,,levobetaxolol ophthalmic,levobetaxolol ophthalmic,levobetaxolol ophthalmic,,,ddinter_dataset,DDInter1048
levobunolol,,levobunolol,levobunolol,levobunolol,,,ddinter_dataset,DDInter1049
levobunolol ophthalmic,,levobunolol ophthalmic,levobunolol ophthalmic,levobunolol ophthalmic,,,ddinter_dataset,DDInter1050
levobupivacaine,,levobupivacaine,levobupivacaine,levobupivacaine,,,ddinter_dataset,DDInter1051
levocarnitine,,levocarnitine,levocarnitine,levocarnitine,,,ddinter_dataset,DDInter1052
levocetirizine,,levocetirizine,levocetirizine,levocetirizine,,,ddinter_dataset,DDInter1053
levodopa,,levodopa,levodopa,levodopa,,,ddinter_dataset,DDInter1054
levofloxacin,,levofloxacin,levofloxacin,levofloxacin,,,ddinter_dataset,DDInter1055
levomefolic acid,,levomefolic acid,levomefolic acid,levomefolic acid,,,ddinter_dataset,DDInter1057
levomefolic acid calcium,,levomefolic acid calcium,levomefolic acid calcium,levomefolic acid calcium,,,ddinter_dataset,DDInter1058
levomilnacipran,,levomilnacipran,levomilnacipran,levomilnacipran,,,ddinter_dataset,DDInter1059
levonordefrin,,levonordefrin,levonordefrin,levonordefrin,,,ddinter_dataset,DDInter1060
levonorgestrel,,levonorgestrel,levonorgestrel,levonorgestrel,,,ddinter_dataset,DDInter1061
levorphanol,,levorphanol,levorphanol,levorphanol,,,ddinter_dataset,DDInter1062
levosalbutamol,,levosalbutamol,levosalbutamol,levosalbutamol,,,ddinter_dataset,DDInter1063
levothyroxine,,levothyroxine,levothyroxine,levothyroxine,,,ddinter_dataset,DDInter1064
licorice,,licorice,licorice,licorice,,,ddinter_dataset,DDInter1065
lidocaine,,lidocaine,lidocaine,lidocaine,,,ddinter_dataset,DDInter1066
lidocaine ophthalmic,,lidocaine ophthalmic,lidocaine ophthalmic,lidocaine ophthalmic,,,ddinter_dataset,DDInter1067
lidocaine topical,,lidocaine topical,lidocaine topical,lidocaine topical,,,ddinter_dataset,DDInter1068
linaclotide,,linaclotide,linaclotide,linaclotide,,,ddinter_dataset,DDInter1069
linagliptin,,linagliptin,linagliptin,linagliptin,,,ddinter_dataset,DDInter1070
lincomycin,,lincomycin,lincomycin,lincomycin,,,ddinter_dataset,DDInter1071
lindane,,lindane,lindane,lindane,,,ddinter_dataset,DDInter1072
linezolid,,linezolid,linezolid,linezolid,,,ddinter_dataset,DDInter1073
liothyronine,,liothyronine,liothyronine,liothyronine,,,ddinter_dataset,DDInter1074
liotrix,,liotrix,liotrix,liotrix,,,ddinter_dataset,DDInter1075
lipoic acid,,lipoic acid,lipoic acid,lipoic acid,,,ddinter_dataset,DDInter1076
liraglutide,,liraglutide,liraglutide,liraglutide,,,ddinter_dataset,DDInter1077
lisdexamfetamine,,lisdexamfetamine,lisdexamfetamine,lisdexamfetamine,,,ddinter_dataset,DDInter1078
lisinopril,,lisinopril,lisinopril,lisinopril,,,ddinter_dataset,DDInter1079
lisocabtagene maraleucel,,lisocabtagene maraleucel,lisocabtagene maraleucel,lisocabtagene maraleucel,,,ddinter_dataset,DDInter1080
lithium carbonate,,lithium carbonate,lithium carbonate,lithium carbonate,,,ddinter_dataset,DDInter1081
lixisenatide,,lixisenatide,lixisenatide,lixisenatide,,,ddinter_dataset,DDInter1082
lofexidine,,lofexidine,lofexidine,lofexidine,,,ddinter_dataset,DDInter1083
lomefloxacin,,lomefloxacin,lomefloxacin,lomefloxacin,,,ddinter_dataset,DDInter1084
lomitapide,,lomitapide,lomitapide,lomitapide,,,ddinter_dataset,DDInter1085
lomustine,,lomustine,lomustine,lomustine,,,ddinter_dataset,DDInter1086
lonafarnib,,lonafarnib,lonafarnib,lonafarnib,,,ddinter_dataset,DDInter1087
loperamide,,loperamide,loperamide,loperamide,,,ddinter_dataset,DDInter1088
lopinavir,,lopinavir,lopinavir,lopinavir,,,ddinter_dataset,DDInter1089
loracarbef,,loracarbef,loracarbef,loracarbef,,,ddinter_dataset,DDInter1090
loratadine,,loratadine,loratadine,loratadine,,,ddinter_dataset,DDInter1091
lorazepam,,lorazepam,lorazepam,lorazepam,,,ddinter_dataset,DDInter1092
lorcaserin,,lorcaserin,lorcaserin,lorcaserin,,,ddinter_dataset,DDInter1093
lorlatinib,,lorlatinib,lorlatinib,lorlatinib,,,ddinter_dataset,DDInter1094
losartan,,losartan,losartan,losartan,,,ddinter_dataset,DDInter1095
loteprednol etabonate,,loteprednol etabonate,loteprednol etabonate,loteprednol etabonate,,,ddinter_dataset,DDInter1097
loteprednol ophthalmic,,loteprednol ophthalmic,loteprednol ophthalmic,loteprednol ophthalmic,,,ddinter_dataset,DDInter1096
lovastatin,,lovastatin,lovastatin,lovastatin,,,ddinter_dataset,DDInter1098
loxapine,,loxapine,loxapine,loxapine,,,ddinter_dataset,DDInter1099
lubiprostone,,lubiprostone,lubiprostone,lubiprostone,,,ddinter_dataset,DDInter1100
lumacaftor,,lumacaftor,lumacaftor,lumacaftor,,,ddinter_dataset,DDInter1101
lumateperone,,lumateperone,lumateperone,lumateperone,,,ddinter_dataset,DDInter1102
lumefantrine,,lumefantrine,lumefantrine,lumefantrine,,,ddinter_dataset,DDInter1103
lurasidone,,lurasidone,lurasidone,lurasidone,,,ddinter_dataset,DDInter1104
lurbinectedin,,lurbinectedin,lurbinectedin,lurbinectedin,,,ddinter_dataset,DDInter1105
lusutrombopag,,lusutrombopag,lusutrombopag,lusutrombopag,,,ddinter_dataset,DDInter1106
lutein,,lutein,lutein,lutein,,,ddinter_dataset,DDInter1107
lutetium lu 177 dotatate,,lutetium lu 177 dotatate,lutetium lu 177 dotatate,lutetium lu 177 dotatate,,,ddinter_dataset,DDInter1108
lyme disease vaccine recombinant ospa,,lyme disease vaccine recombinant ospa,lyme disease vaccine recombinant ospa,lyme disease vaccine recombinant ospa,,,ddinter_dataset,DDInter1109
macimorelin,,macimorelin,macimorelin,macimorelin,,,ddinter_dataset,DDInter1110
macitentan,,macitentan,macitentan,macitentan,,,ddinter_dataset,DDInter1111
magaldrate,,magaldrate,magaldrate,magaldrate,,,ddinter_dataset,DDInter1112
magnesium carbonate,,magnesium carbonate,magnesium carbonate,magnesium carbonate,,,ddinter_dataset,DDInter1113
magnesium chloride,,magnesium chloride,magnesium chloride,magnesium chloride,,,ddinter_dataset,DDInter1114
magnesium citrate,,magnesium citrate,magnesium citrate,magnesium citrate,,,ddinter_dataset,DDInter1115
magnesium gluconate,,magnesium gluconate,magnesium gluconate,magnesium gluconate,,,ddinter_dataset,DDInter1116
magnesium glycinate,,magnesium glycinate,magnesium glycinate,magnesium glycinate,,,ddinter_dataset,DDInter1117
magnesium hydroxide,,magnesium hydroxide,magnesium hydroxide,magnesium hydroxide,,,ddinter_dataset,DDInter1118
magnesium oxide,,magnesium oxide,magnesium oxide,magnesium oxide,,,ddinter_dataset,DDInter1119
magnesium sulfate,,magnesium sulfate,magnesium sulfate,magnesium sulfate,,,ddinter_dataset,DDInter1120
manganese chloride,,manganese chloride,manganese chloride,manganese chloride,,,ddinter_dataset,DDInter1121
manganese sulfate,,manganese sulfate,manganese sulfate,manganese sulfate,,,ddinter_dataset,DDInter1122
mannitol,,mannitol,mannitol,mannitol,,,ddinter_dataset,DDInter1123
maprotiline,,maprotiline,maprotiline,maprotiline,,,ddinter_dataset,DDInter1124
maraviroc,,maraviroc,maraviroc,maraviroc,,,ddinter_dataset,DDInter1125
mazindol,,mazindol,mazindol,mazindol,,,ddinter_dataset,DDInter1126
measles virus vaccine live attenuated,,measles virus vaccine live attenuated,measles virus vaccine live attenuated,measles virus vaccine live attenuated,,,ddinter_dataset,DDInter1127
mebendazole,,mebendazole,mebendazole,mebendazole,,,ddinter_dataset,DDInter1128
mebrofenin,,mebrofenin,mebrofenin,mebrofenin,,,ddinter_dataset,DDInter1129
mecamylamine,,mecamylamine,mecamylamine,mecamylamine,,,ddinter_dataset,DDInter1130
mecasermin,,mecasermin,mecasermin,mecasermin,,,ddinter_dataset,DDInter1131
mecasermin rinfabate,,mecasermin rinfabate,mecasermin rinfabate,mecasermin rinfabate,,,ddinter_dataset,DDInter1132
mechlorethamine,,mechlorethamine,mechlorethamine,mechlorethamine,,,ddinter_dataset,DDInter1133
meclizine,,meclizine,meclizine,meclizine,,,ddinter_dataset,DDInter1134
meclofenamic acid,,meclofenamic acid,meclofenamic acid,meclofenamic acid,,,ddinter_dataset,DDInter1135
mecobalamin,,mecobalamin,mecobalamin,mecobalamin,,,ddinter_dataset,DDInter1136
medroxyprogesterone acetate,,medroxyprogesterone acetate,medroxyprogesterone acetate,medroxyprogesterone acetate,,,ddinter_dataset,DDInter1137
medrysone ophthalmic,,medrysone ophthalmic,medrysone ophthalmic,medrysone ophthalmic,,,ddinter_dataset,DDInter1138
mefenamic acid,,mefenamic acid,mefenamic acid,mefenamic acid,,,ddinter_dataset,DDInter1139
mefloquine,,mefloquine,mefloquine,mefloquine,,,ddinter_dataset,DDInter1140
megestrol acetate,,megestrol acetate,megestrol acetate,megestrol acetate,,,ddinter_dataset,DDInter1141
melatonin,,melatonin,melatonin,melatonin,,,ddinter_dataset,DDInter1142
meloxicam,,meloxicam,meloxicam,meloxicam,,,ddinter_dataset,DDInter1143
melphalan,,melphalan,melphalan,melphalan,,,ddinter_dataset,DDInter1144
melphalan flufenamide,,melphalan flufenamide,melphalan flufenamide,melphalan flufenamide,,,ddinter_dataset,DDInter1145
memantine,,memantine,memantine,memantine,,,ddinter_dataset,DDInter1146
meningococcal polysaccharide vaccine group c,,meningococcal polysaccharide vaccine group c,meningococcal polysaccharide vaccine group c,meningococcal polysaccharide vaccine group c,,,ddinter_dataset,DDInter1147
mepenzolate,,mepenzolate,mepenzolate,mepenzolate,,,ddinter_dataset,DDInter1149
meperidine,,meperidine,meperidine,meperidine,,,ddinter_dataset,DDInter1150
mephentermine,,mephentermine,mephentermine,mephentermine,,,ddinter_dataset,DDInter1151
mephenytoin,,mephenytoin,mephenytoin,mephenytoin,,,ddinter_dataset,DDInter1152
mepivacaine,,mepivacaine,mepivacaine,mepivacaine,,,ddinter_dataset,DDInter1153
meprobamate,,meprobamate,meprobamate,meprobamate,,,ddinter_dataset,DDInter1154
mepyramine,,mepyramine,mepyramine,mepyramine,,,ddinter_dataset,DDInter1155
mercaptopurine,,mercaptopurine,mercaptopurine,mercaptopurine,,,ddinter_dataset,DDInter1156
meropenem,,meropenem,meropenem,meropenem,,,ddinter_dataset,DDInter1157
mesalazine,,mesalazine,mesalazine,mesalazine,,,ddinter_dataset,DDInter1158
mesoridazine,,mesoridazine,mesoridazine,mesoridazine,,,ddinter_dataset,DDInter1159
mestranol,,mestranol,mestranol,mestranol,,,ddinter_dataset,DDInter1160
metamfetamine,,metamfetamine,metamfetamine,metamfetamine,,,ddinter_dataset,DDInter1161
metaraminol,,metaraminol,metaraminol,metaraminol,,,ddinter_dataset,DDInter1162
metaxalone,,metaxalone,metaxalone,metaxalone,,,ddinter_dataset,DDInter1163
metformin,,metformin,metformin,metformin,,,ddinter_dataset,DDInter1164
methacholine,,methacholine,methacholine,methacholine,,,ddinter_dataset,DDInter1165
methadone,,methadone,methadone,methadone,,,ddinter_dataset,DDInter1166
methazolamide,,methazolamide,methazolamide,methazolamide,,,ddinter_dataset,DDInter1167
methdilazine,,methdilazine,methdilazine,methdilazine,,,ddinter_dataset,DDInter1168
methenamine,,methenamine,methenamine,methenamine,,,ddinter_dataset,DDInter1169
methimazole,,methimazole,methimazole,methimazole,,,ddinter_dataset,DDInter1170
methionine,,methionine,methionine,methionine,,,ddinter_dataset,DDInter1171
methocarbamol,,methocarbamol,methocarbamol,methocarbamol,,,ddinter_dataset,DDInter1172
methohexital,,methohexital,methohexital,methohexital,,,ddinter_dataset,DDInter1173
methotrexate,,methotrexate,methotrexate,methotrexate,,,ddinter_dataset,DDInter1174
methotrimeprazine,,methotrimeprazine,methotrimeprazine,methotrimeprazine,,,ddinter_dataset,DDInter1175
methoxamine,,methoxamine,methoxamine,methoxamine,,,ddinter_dataset,DDInter1176
methoxsalen,,methoxsalen,methoxsalen,methoxsalen,,,ddinter_dataset,DDInter1177
methoxyflurane,,methoxyflurane,methoxyflurane,methoxyflurane,,,ddinter_dataset,DDInter1179
methscopolamine,,methscopolamine,methscopolamine,methscopolamine,,,ddinter_dataset,DDInter1180
methsuximide,,methsuximide,methsuximide,methsuximide,,,ddinter_dataset,DDInter1181
methyl aminolevulinate topical,,methyl aminolevulinate topical,methyl aminolevulinate topical,methyl aminolevulinate topical,,,ddinter_dataset,DDInter1182
methyl salicylate topical,,methyl salicylate topical,methyl salicylate topical,methyl salicylate topical,,,ddinter_dataset,DDInter1183
methylcellulose,,methylcellulose,methylcellulose,methylcellulose,,,ddinter_dataset,DDInter1184
methyldopa,,methyldopa,methyldopa,methyldopa,,,ddinter_dataset,DDInter1185
methylene blue,,methylene blue,methylene blue,methylene blue,,,ddinter_dataset,DDInter1186
methylergometrine,,methylergometrine,methylergometrine,methylergometrine,,,ddinter_dataset,DDInter1187
methylnaltrexone,,methylnaltrexone,methylnaltrexone,methylnaltrexone,,,ddinter_dataset,DDInter1188
methylphenidate,,methylphenidate,methylphenidate,methylphenidate,,,ddinter_dataset,DDInter1189
methylphenobarbital,,methylphenobarbital,methylphenobarbital,methylphenobarbital,,,ddinter_dataset,DDInter1190
methylprednisolone,,methylprednisolone,methylprednisolone,methylprednisolone,,,ddinter_dataset,DDInter1191
methylprednisolone topical,,methylprednisolone topical,methylprednisolone topical,methylprednisolone topical,,,ddinter_dataset,DDInter1192
methyltestosterone,,methyltestosterone,methyltestosterone,methyltestosterone,,,ddinter_dataset,DDInter1193
methysergide,,methysergide,methysergide,methysergide,,,ddinter_dataset,DDInter1194
meticillin,,meticillin,meticillin,meticillin,,,ddinter_dataset,DDInter1195
metipranolol ophthalmic,,metipranolol ophthalmic,metipranolol ophthalmic,metipranolol ophthalmic,,,ddinter_dataset,DDInter1196
metoclopramide,,metoclopramide,metoclopramide,metoclopramide,,,ddinter_dataset,DDInter1197
metocurine,,metocurine,metocurine,metocurine,,,ddinter_dataset,DDInter1198
metolazone,,metolazone,metolazone,metolazone,,,ddinter_dataset,DDInter1199
metoprolol,,metoprolol,metoprolol,metoprolol,,,ddinter_dataset,DDInter1200
metreleptin,,metreleptin,metreleptin,metreleptin,,,ddinter_dataset,DDInter1201
metronidazole,,metronidazole,metronidazole,metronidazole,,,ddinter_dataset,DDInter1202
metronidazole topical,,metronidazole topical,metronidazole topical,metronidazole topical,,,ddinter_dataset,DDInter1203
metyrapone,,metyrapone,metyrapone,metyrapone,,,ddinter_dataset,DDInter1204
metyrosine,,metyrosine,metyrosine,metyrosine,,,ddinter_dataset,DDInter1205
mexiletine,,mexiletine,mexiletine,mexiletine,,,ddinter_dataset,DDInter1206
mezlocillin,,mezlocillin,mezlocillin,mezlocillin,,,ddinter_dataset,DDInter1207
micafungin,,micafungin,micafungin,micafungin,,,ddinter_dataset,DDInter1208
miconazole,,miconazole,miconazole,miconazole,,,ddinter_dataset,DDInter1209
miconazole topical,,miconazole topical,miconazole topical,miconazole topical,,,ddinter_dataset,DDInter1210
microcrystalline cellulose,,microcrystalline cellulose,microcrystalline cellulose,microcrystalline cellulose,,,ddinter_dataset,DDInter1211
midazolam,,midazolam,midazolam,midazolam,,,ddinter_dataset,DDInter1212
midodrine,,midodrine,midodrine,midodrine,,,ddinter_dataset,DDInter1213
midostaurin,,midostaurin,midostaurin,midostaurin,,,ddinter_dataset,DDInter1214
mifepristone,,mifepristone,mifepristone,mifepristone,,,ddinter_dataset,DDInter1215
migalastat,,migalastat,migalastat,migalastat,,,ddinter_dataset,DDInter1216
miglitol,,miglitol,miglitol,miglitol,,,ddinter_dataset,DDInter1217
miglustat,,miglustat,miglustat,miglustat,,,ddinter_dataset,DDInter1218
milnacipran,,milnacipran,milnacipran,milnacipran,,,ddinter_dataset,DDInter1220
mineral oil,,mineral oil,mineral oil,mineral oil,,,ddinter_dataset,DDInter1223
minocycline,,minocycline,minocycline,minocycline,,,ddinter_dataset,DDInter1224
minocycline topical,,minocycline topical,minocycline topical,minocycline topical,,,ddinter_dataset,DDInter1225
minoxidil,,minoxidil,minoxidil,minoxidil,,,ddinter_dataset,DDInter1226
minoxidil topical,,minoxidil topical,minoxidil topical,minoxidil topical,,,ddinter_dataset,DDInter1227
mipomersen,,mipomersen,mipomersen,mipomersen,,,ddinter_dataset,DDInter1228
mirabegron,,mirabegron,mirabegron,mirabegron,,,ddinter_dataset,DDInter1229
mirtazapine,,mirtazapine,mirtazapine,mirtazapine,,,ddinter_dataset,DDInter1230
misoprostol,,misoprostol,misoprostol,misoprostol,,,ddinter_dataset,DDInter1231
mitomycin,,mitomycin,mitomycin,mitomycin,,,ddinter_dataset,DDInter1232
mitotane,,mitotane,mitotane,mitotane,,,ddinter_dataset,DDInter1233
mitoxantrone,,mitoxantrone,mitoxantrone,mitoxantrone,,,ddinter_dataset,DDInter1234
mivacurium,,mivacurium,mivacurium,mivacurium,,,ddinter_dataset,DDInter1235
modafinil,,modafinil,modafinil,modafinil,,,ddinter_dataset,DDInter1236
moexipril,,moexipril,moexipril,moexipril,,,ddinter_dataset,DDInter1237
mogamulizumab,,mogamulizumab,mogamulizumab,mogamulizumab,,,ddinter_dataset,DDInter1238
molindone,,molindone,molindone,molindone,,,ddinter_dataset,DDInter1239
monomethyl fumarate,,monomethyl fumarate,monomethyl fumarate,monomethyl fumarate,,,ddinter_dataset,DDInter1240
monopotassium phosphate,,monopotassium phosphate,monopotassium phosphate,monopotassium phosphate,,,ddinter_dataset,DDInter1241
montelukast,,montelukast,montelukast,montelukast,,,ddinter_dataset,DDInter1242
moricizine,,moricizine,moricizine,moricizine,,,ddinter_dataset,DDInter1243
morphine,,morphine,morphine,morphine,,,ddinter_dataset,DDInter1244
morphine liposomal,,morphine liposomal,morphine liposomal,morphine liposomal,,,ddinter_dataset,DDInter1245
moxetumomab pasudotox,,moxetumomab pasudotox,moxetumomab pasudotox,moxetumomab pasudotox,,,ddinter_dataset,DDInter1246
moxifloxacin,,moxifloxacin,moxifloxacin,moxifloxacin,,,ddinter_dataset,DDInter1247
mumps virus strain b level jeryl lynn live antigen,,mumps virus strain b level jeryl lynn live antigen,mumps virus strain b level jeryl lynn live antigen,mumps virus strain b level jeryl lynn live antigen,,,ddinter_dataset,DDInter1248
mupirocin,,mupirocin,mupirocin,mupirocin,,,ddinter_dataset,DDInter1249
muromonab,,muromonab,muromonab,muromonab,,,ddinter_dataset,DDInter1250
mycophenolate mofetil,,mycophenolate mofetil,mycophenolate mofetil,mycophenolate mofetil,,,ddinter_dataset,DDInter1251
mycophenolic acid,,mycophenolic acid,mycophenolic acid,mycophenolic acid,,,ddinter_dataset,DDInter1252
nabilone,,nabilone,nabilone,nabilone,,,ddinter_dataset,DDInter1253
nabumetone,,nabumetone,nabumetone,nabumetone,,,ddinter_dataset,DDInter1254
nadolol,,nadolol,nadolol,nadolol,,,ddinter_dataset,DDInter1255
nafcillin,,nafcillin,nafcillin,nafcillin,,,ddinter_dataset,DDInter1256
nalbuphine,,nalbuphine,nalbuphine,nalbuphine,,,ddinter_dataset,DDInter1257
naldemedine,,naldemedine,naldemedine,naldemedine,,,ddinter_dataset,DDInter1258
nalidixic acid,,nalidixic acid,nalidixic acid,nalidixic acid,,,ddinter_dataset,DDInter1259
nalmefene,,nalmefene,nalmefene,nalmefene,,,ddinter_dataset,DDInter1260
naloxegol,,naloxegol,naloxegol,naloxegol,,,ddinter_dataset,DDInter1261
naloxone,,naloxone,naloxone,naloxone,,,ddinter_dataset,DDInter1262
naltrexone,,naltrexone,naltrexone,naltrexone,,,ddinter_dataset,DDInter1263
naphazoline nasal,,naphazoline nasal,naphazoline nasal,naphazoline nasal,,,ddinter_dataset,DDInter1264
naphazoline ophthalmic,,naphazoline ophthalmic,naphazoline ophthalmic,naphazoline ophthalmic,,,ddinter_dataset,DDInter1265
naproxen,,naproxen,naproxen,naproxen,,,ddinter_dataset,DDInter1266
naratriptan,,naratriptan,naratriptan,naratriptan,,,ddinter_dataset,DDInter1267
natalizumab,,natalizumab,natalizumab,natalizumab,,,ddinter_dataset,DDInter1268
nateglinide,,nateglinide,nateglinide,nateglinide,,,ddinter_dataset,DDInter1269
naxitamab,,naxitamab,naxitamab,naxitamab,,,ddinter_dataset,DDInter1270
nebivolol,,nebivolol,nebivolol,nebivolol,,,ddinter_dataset,DDInter1271
nedocromil,,nedocromil,nedocromil,nedocromil,,,ddinter_dataset,DDInter1273
nefazodone,,nefazodone,nefazodone,nefazodone,,,ddinter_dataset,DDInter1274
nelarabine,,nelarabine,nelarabine,nelarabine,,,ddinter_dataset,DDInter1275
nelfinavir,,nelfinavir,nelfinavir,nelfinavir,,,ddinter_dataset,DDInter1276
neomycin,,neomycin,neomycin,neomycin,,,ddinter_dataset,DDInter1277
neomycin topical,,neomycin topical,neomycin topical,neomycin topical,,,ddinter_dataset,DDInter1278
neostigmine,,neostigmine,neostigmine,neostigmine,,,ddinter_dataset,DDInter1279
nepafenac ophthalmic,,nepafenac ophthalmic,nepafenac ophthalmic,nepafenac ophthalmic,,,ddinter_dataset,DDInter1280
neratinib,,neratinib,neratinib,neratinib,,,ddinter_dataset,DDInter1281
nesiritide,,nesiritide,nesiritide,nesiritide,,,ddinter_dataset,DDInter1282
netilmicin,,netilmicin,netilmicin,netilmicin,,,ddinter_dataset,DDInter1283
netupitant,,netupitant,netupitant,netupitant,,,ddinter_dataset,DDInter1284
nevirapine,,nevirapine,nevirapine,nevirapine,,,ddinter_dataset,DDInter1285
niacin,,niacin,niacin,niacin,,,ddinter_dataset,DDInter1286
nicardipine,,nicardipine,nicardipine,nicardipine,,,ddinter_dataset,DDInter1287
niclosamide,,niclosamide,niclosamide,niclosamide,,,ddinter_dataset,DDInter1288
nicotinamide,,nicotinamide,nicotinamide,nicotinamide,,,ddinter_dataset,DDInter1289
nicotine,,nicotine,nicotine,nicotine,,,ddinter_dataset,DDInter1290
nifedipine,,nifedipine,nifedipine,nifedipine,,,ddinter_dataset,DDInter1291
nilotinib,,nilotinib,nilotinib,nilotinib,,,ddinter_dataset,DDInter1293
nilutamide,,nilutamide,nilutamide,nilutamide,,,ddinter_dataset,DDInter1294
nimodipine,,nimodipine,nimodipine,nimodipine,,,ddinter_dataset,DDInter1295
nintedanib,,nintedanib,nintedanib,nintedanib,,,ddinter_dataset,DDInter1296
niraparib,,niraparib,niraparib,niraparib,,,ddinter_dataset,DDInter1297
nisoldipine,,nisoldipine,nisoldipine,nisoldipine,,,ddinter_dataset,DDInter1298
nitazoxanide,,nitazoxanide,nitazoxanide,nitazoxanide,,,ddinter_dataset,DDInter1299
nitisinone,,nitisinone,nitisinone,nitisinone,,,ddinter_dataset,DDInter1300
nitrazepam,,nitrazepam,nitrazepam,nitrazepam,,,ddinter_dataset,DDInter1301
nitric oxide,,nitric oxide,nitric oxide,nitric oxide,,,ddinter_dataset,DDInter1302
nitrofurantoin,,nitrofurantoin,nitrofurantoin,nitrofurantoin,,,ddinter_dataset,DDInter1303
nitroglycerin,,nitroglycerin,nitroglycerin,nitroglycerin,,,ddinter_dataset,DDInter1304
nitroprusside,,nitroprusside,nitroprusside,nitroprusside,,,ddinter_dataset,DDInter1305
nitrous acid,,nitrous acid,nitrous acid,nitrous acid,,,ddinter_dataset,DDInter1306
nitrous oxide,,nitrous oxide,nitrous oxide,nitrous oxide,,,ddinter_dataset,DDInter1307
nivolumab,,nivolumab,nivolumab,nivolumab,,,ddinter_dataset,DDInter1308
nizatidine,,nizatidine,nizatidine,nizatidine,,,ddinter_dataset,DDInter1309
norepinephrine,,norepinephrine,norepinephrine,norepinephrine,,,ddinter_dataset,DDInter1311
norethisterone,,norethisterone,norethisterone,norethisterone,,,ddinter_dataset,DDInter1312
norfloxacin,,norfloxacin,norfloxacin,norfloxacin,,,ddinter_dataset,DDInter1313
norgestimate,,norgestimate,norgestimate,norgestimate,,,ddinter_dataset,DDInter1314
norgestrel,,norgestrel,norgestrel,norgestrel,,,ddinter_dataset,DDInter1315
nortriptyline,,nortriptyline,nortriptyline,nortriptyline,,,ddinter_dataset,DDInter1316
novobiocin,,novobiocin,novobiocin,novobiocin,,,ddinter_dataset,DDInter1317
nystatin,,nystatin,nystatin,nystatin,,,ddinter_dataset,DDInter1318
obeticholic acid,,obeticholic acid,obeticholic acid,obeticholic acid,,,ddinter_dataset,DDInter1319
obinutuzumab,,obinutuzumab,obinutuzumab,obinutuzumab,,,ddinter_dataset,DDInter1320
ocrelizumab,,ocrelizumab,ocrelizumab,ocrelizumab,,,ddinter_dataset,DDInter1321
octreotide,,octreotide,octreotide,octreotide,,,ddinter_dataset,DDInter1323
ofatumumab,,ofatumumab,ofatumumab,ofatumumab,,,ddinter_dataset,DDInter1324
ofloxacin,,ofloxacin,ofloxacin,ofloxacin,,,ddinter_dataset,DDInter1325
olanzapine,,olanzapine,olanzapine,olanzapine,,,ddinter_dataset,DDInter1326
olaparib,,olaparib,olaparib,olaparib,,,ddinter_dataset,DDInter1327
olaratumab,,olaratumab,olaratumab,olaratumab,,,ddinter_dataset,DDInter1328
oliceridine,,oliceridine,oliceridine,oliceridine,,,ddinter_dataset,DDInter1329
olmesartan,,olmesartan,olmesartan,olmesartan,,,ddinter_dataset,DDInter1330
olodaterol,,olodaterol,olodaterol,olodaterol,,,ddinter_dataset,DDInter1331
olopatadine,,olopatadine,olopatadine,olopatadine,,,ddinter_dataset,DDInter1332
olopatadine nasal,,olopatadine nasal,olopatadine nasal,olopatadine nasal,,,ddinter_dataset,DDInter1333
olsalazine,,olsalazine,olsalazine,olsalazine,,,ddinter_dataset,DDInter1334
omacetaxine mepesuccinate,,omacetaxine mepesuccinate,omacetaxine mepesuccinate,omacetaxine mepesuccinate,,,ddinter_dataset,DDInter1335
omadacycline,,omadacycline,omadacycline,omadacycline,,,ddinter_dataset,DDInter1336
omalizumab,,omalizumab,omalizumab,omalizumab,,,ddinter_dataset,DDInter1337
omega 3 fatty acids,,omega 3 fatty acids,omega 3 fatty acids,omega 3 fatty acids,,,ddinter_dataset,DDInter1339
omeprazole,,omeprazole,omeprazole,omeprazole,,,ddinter_dataset,DDInter1340
onasemnogene abeparvovec,,onasemnogene abeparvovec,onasemnogene abeparvovec,onasemnogene abeparvovec,,,ddinter_dataset,DDInter1341
ondansetron,,ondansetron,ondansetron,ondansetron,,,ddinter_dataset,DDInter1342
opicapone,,opicapone,opicapone,opicapone,,,ddinter_dataset,DDInter1343
opium,,opium,opium,opium,,,ddinter_dataset,DDInter1344
orciprenaline,,orciprenaline,orciprenaline,orciprenaline,,,ddinter_dataset,DDInter1346
oritavancin,,oritavancin,oritavancin,oritavancin,,,ddinter_dataset,DDInter1347
orlistat,,orlistat,orlistat,orlistat,,,ddinter_dataset,DDInter1348
orphenadrine,,orphenadrine,orphenadrine,orphenadrine,,,ddinter_dataset,DDInter1349
oseltamivir,,oseltamivir,oseltamivir,oseltamivir,,,ddinter_dataset,DDInter1350
osilodrostat,,osilodrostat,osilodrostat,osilodrostat,,,ddinter_dataset,DDInter1351
osimertinib,,osimertinib,osimertinib,osimertinib,,,ddinter_dataset,DDInter1352
ospemifene,,ospemifene,ospemifene,ospemifene,,,ddinter_dataset,DDInter1353
oxacillin,,oxacillin,oxacillin,oxacillin,,,ddinter_dataset,DDInter1354
oxaliplatin,,oxaliplatin,oxaliplatin,oxaliplatin,,,ddinter_dataset,DDInter1355
oxamniquine,,oxamniquine,oxamniquine,oxamniquine,,,ddinter_dataset,DDInter1356
oxandrolone,,oxandrolone,oxandrolone,oxandrolone,,,ddinter_dataset,DDInter1357
oxaprozin,,oxaprozin,oxaprozin,oxaprozin,,,ddinter_dataset,DDInter1358
oxazepam,,oxazepam,oxazepam,oxazepam,,,ddinter_dataset,DDInter1359
oxcarbazepine,,oxcarbazepine,oxcarbazepine,oxcarbazepine,,,ddinter_dataset,DDInter1360
oxitriptan,,oxitriptan,oxitriptan,oxitriptan,,,ddinter_dataset,DDInter1362
oxtriphylline,,oxtriphylline,oxtriphylline,oxtriphylline,,,ddinter_dataset,DDInter1363
oxybuprocaine ophthalmic,,oxybuprocaine ophthalmic,oxybuprocaine ophthalmic,oxybuprocaine ophthalmic,,,ddinter_dataset,DDInter1364
oxybutynin,,oxybutynin,oxybutynin,oxybutynin,,,ddinter_dataset,DDInter1365
oxycodone,,oxycodone,oxycodone,oxycodone,,,ddinter_dataset,DDInter1366
oxymetazoline nasal,,oxymetazoline nasal,oxymetazoline nasal,oxymetazoline nasal,,,ddinter_dataset,DDInter1368
oxymetazoline ophthalmic,,oxymetazoline ophthalmic,oxymetazoline ophthalmic,oxymetazoline ophthalmic,,,ddinter_dataset,DDInter1369
oxymetazoline topical,,oxymetazoline topical,oxymetazoline topical,oxymetazoline topical,,,ddinter_dataset,DDInter1370
oxymetholone,,oxymetholone,oxymetholone,oxymetholone,,,ddinter_dataset,DDInter1371
oxymorphone,,oxymorphone,oxymorphone,oxymorphone,,,ddinter_dataset,DDInter1372
oxyquinoline topical,,oxyquinoline topical,oxyquinoline topical,oxyquinoline topical,,,ddinter_dataset,DDInter1373
oxytetracycline,,oxytetracycline,oxytetracycline,oxytetracycline,,,ddinter_dataset,DDInter1374
oxytocin,,oxytocin,oxytocin,oxytocin,,,ddinter_dataset,DDInter1375
ozanimod,,ozanimod,ozanimod,ozanimod,,,ddinter_dataset,DDInter1376
paclitaxel,,paclitaxel,paclitaxel,paclitaxel,,,ddinter_dataset,DDInter1377
paclitaxel protein bound,,paclitaxel protein bound,paclitaxel protein bound,paclitaxel protein bound,,,ddinter_dataset,DDInter1378
palbociclib,,palbociclib,palbociclib,palbociclib,,,ddinter_dataset,DDInter1379
palifermin,,palifermin,palifermin,palifermin,,,ddinter_dataset,DDInter1380
paliperidone,,paliperidone,paliperidone,paliperidone,,,ddinter_dataset,DDInter1381
palonosetron,,palonosetron,palonosetron,palonosetron,,,ddinter_dataset,DDInter1382
pamidronic acid,,pamidronic acid,pamidronic acid,pamidronic acid,,,ddinter_dataset,DDInter1383
pancrelipase,,pancrelipase,pancrelipase,pancrelipase,,,ddinter_dataset,DDInter1384
pancuronium,,pancuronium,pancuronium,pancuronium,,,ddinter_dataset,DDInter1385
panitumumab,,panitumumab,panitumumab,panitumumab,,,ddinter_dataset,DDInter1386
panobinostat,,panobinostat,panobinostat,panobinostat,,,ddinter_dataset,DDInter1387
pantoprazole,,pantoprazole,pantoprazole,pantoprazole,,,ddinter_dataset,DDInter1388
papaverine,,papaverine,papaverine,papaverine,,,ddinter_dataset,DDInter1389
papaya,,papaya,papaya,papaya,,,ddinter_dataset,DDInter1390
paraldehyde,,paraldehyde,paraldehyde,paraldehyde,,,ddinter_dataset,DDInter1391
paramethadione,,paramethadione,paramethadione,paramethadione,,,ddinter_dataset,DDInter1392
parathyroid hormone,,parathyroid hormone,parathyroid hormone,parathyroid hormone,,,ddinter_dataset,DDInter1393
paricalcitol,,paricalcitol,paricalcitol,paricalcitol,,,ddinter_dataset,DDInter1394
paritaprevir,,paritaprevir,paritaprevir,paritaprevir,,,ddinter_dataset,DDInter1395
paromomycin,,paromomycin,paromomycin,paromomycin,,,ddinter_dataset,DDInter1396
paroxetine,,paroxetine,paroxetine,paroxetine,,,ddinter_dataset,DDInter1397
pasireotide,,pasireotide,pasireotide,pasireotide,,,ddinter_dataset,DDInter1398
patiromer,,patiromer,patiromer,patiromer,,,ddinter_dataset,DDInter1399
pazopanib,,pazopanib,pazopanib,pazopanib,,,ddinter_dataset,DDInter1400
pectin,,pectin,pectin,pectin,,,ddinter_dataset,DDInter1401
pegademase,,pegademase,pegademase,pegademase,,,ddinter_dataset,DDInter1402
pegaptanib ophthalmic,,pegaptanib ophthalmic,pegaptanib ophthalmic,pegaptanib ophthalmic,,,ddinter_dataset,DDInter1403
pegaspargase,,pegaspargase,pegaspargase,pegaspargase,,,ddinter_dataset,DDInter1404
pegfilgrastim,,pegfilgrastim,pegfilgrastim,pegfilgrastim,,,ddinter_dataset,DDInter1405
peginesatide,,peginesatide,peginesatide,peginesatide,,,ddinter_dataset,DDInter1406
peginterferon alfa 2a,,peginterferon alfa 2a,peginterferon alfa 2a,peginterferon alfa 2a,,,ddinter_dataset,DDInter1407
peginterferon alfa 2b,,peginterferon alfa 2b,peginterferon alfa 2b,peginterferon alfa 2b,,,ddinter_dataset,DDInter1408
peginterferon beta 1a,,peginterferon beta 1a,peginterferon beta 1a,peginterferon beta 1a,,,ddinter_dataset,DDInter1409
pegloticase,,pegloticase,pegloticase,pegloticase,,,ddinter_dataset,DDInter1410
pegvaliase,,pegvaliase,pegvaliase,pegvaliase,,,ddinter_dataset,DDInter1411
pegvisomant,,pegvisomant,pegvisomant,pegvisomant,,,ddinter_dataset,DDInter1412
pembrolizumab,,pembrolizumab,pembrolizumab,pembrolizumab,,,ddinter_dataset,DDInter1413
pemetrexed,,pemetrexed,pemetrexed,pemetrexed,,,ddinter_dataset,DDInter1414
pemigatinib,,pemigatinib,pemigatinib,pemigatinib,,,ddinter_dataset,DDInter1415
pemoline,,pemoline,pemoline,pemoline,,,ddinter_dataset,DDInter1416
penbutolol,,penbutolol,penbutolol,penbutolol,,,ddinter_dataset,DDInter1417
penicillamine,,penicillamine,penicillamine,penicillamine,,,ddinter_dataset,DDInter1419
pentamidine,,pentamidine,pentamidine,pentamidine,,,ddinter_dataset,DDInter1420
pentazocine,,pentazocine,pentazocine,pentazocine,,,ddinter_dataset,DDInter1421
pentobarbital,,pentobarbital,pentobarbital,pentobarbital,,,ddinter_dataset,DDInter1423
pentosan polysulfate,,pentosan polysulfate,pentosan polysulfate,pentosan polysulfate,,,ddinter_dataset,DDInter1424
pentostatin,,pentostatin,pentostatin,pentostatin,,,ddinter_dataset,DDInter1425
pentoxifylline,,pentoxifylline,pentoxifylline,pentoxifylline,,,ddinter_dataset,DDInter1426
pentoxyverine,,pentoxyverine,pentoxyverine,pentoxyverine,,,ddinter_dataset,DDInter1427
perampanel,,perampanel,perampanel,perampanel,,,ddinter_dataset,DDInter1428
perflutren,,perflutren,perflutren,perflutren,,,ddinter_dataset,DDInter1429
pergolide,,pergolide,pergolide,pergolide,,,ddinter_dataset,DDInter1430
perindopril,,perindopril,perindopril,perindopril,,,ddinter_dataset,DDInter1431
perphenazine,,perphenazine,perphenazine,perphenazine,,,ddinter_dataset,DDInter1432
pexidartinib,,pexidartinib,pexidartinib,pexidartinib,,,ddinter_dataset,DDInter1435
pfizer biontech covid 19 vaccine,,pfizer biontech covid 19 vaccine,pfizer biontech covid 19 vaccine,pfizer biontech covid 19 vaccine,,,ddinter_dataset,DDInter1436
phenacemide,,phenacemide,phenacemide,phenacemide,,,ddinter_dataset,DDInter1437
phenazopyridine,,phenazopyridine,phenazopyridine,phenazopyridine,,,ddinter_dataset,DDInter1438
phendimetrazine,,phendimetrazine,phendimetrazine,phendimetrazine,,,ddinter_dataset,DDInter1439
phenelzine,,phenelzine,phenelzine,phenelzine,,,ddinter_dataset,DDInter1440
phenindamine,,phenindamine,phenindamine,phenindamine,,,ddinter_dataset,DDInter1441
phenobarbital,,phenobarbital,phenobarbital,phenobarbital,,,ddinter_dataset,DDInter1442
phenolphthalein,,phenolphthalein,phenolphthalein,phenolphthalein,,,ddinter_dataset,DDInter1443
phenoxybenzamine,,phenoxybenzamine,phenoxybenzamine,phenoxybenzamine,,,ddinter_dataset,DDInter1444
phenoxymethylpenicillin,,phenoxymethylpenicillin,phenoxymethylpenicillin,phenoxymethylpenicillin,,,ddinter_dataset,DDInter1445
phensuximide,,phensuximide,phensuximide,phensuximide,,,ddinter_dataset,DDInter1446
phentermine,,phentermine,phentermine,phentermine,,,ddinter_dataset,DDInter1447
phentolamine,,phentolamine,phentolamine,phentolamine,,,ddinter_dataset,DDInter1448
phenyl salicylate,,phenyl salicylate,phenyl salicylate,phenyl salicylate,,,ddinter_dataset,DDInter1449
phenylbutazone,,phenylbutazone,phenylbutazone,phenylbutazone,,,ddinter_dataset,DDInter1451
phenylbutyric acid,,phenylbutyric acid,phenylbutyric acid,phenylbutyric acid,,,ddinter_dataset,DDInter1452
phenylephrine,,phenylephrine,phenylephrine,phenylephrine,,,ddinter_dataset,DDInter1453
phenylephrine nasal,,phenylephrine nasal,phenylephrine nasal,phenylephrine nasal,,,ddinter_dataset,DDInter1454
phenylephrine ophthalmic,,phenylephrine ophthalmic,phenylephrine ophthalmic,phenylephrine ophthalmic,,,ddinter_dataset,DDInter1455
phenylephrine otic,,phenylephrine otic,phenylephrine otic,phenylephrine otic,,,ddinter_dataset,DDInter1456
phenylephrine topical,,phenylephrine topical,phenylephrine topical,phenylephrine topical,,,ddinter_dataset,DDInter1457
phenylpropanolamine,,phenylpropanolamine,phenylpropanolamine,phenylpropanolamine,,,ddinter_dataset,DDInter1458
phenyltoloxamine,,phenyltoloxamine,phenyltoloxamine,phenyltoloxamine,,,ddinter_dataset,DDInter1459
phenytoin,,phenytoin,phenytoin,phenytoin,,,ddinter_dataset,DDInter1460
phylloquinone,,phylloquinone,phylloquinone,phylloquinone,,,ddinter_dataset,DDInter1461
physostigmine,,physostigmine,physostigmine,physostigmine,,,ddinter_dataset,DDInter1462
physostigmine ophthalmic,,physostigmine ophthalmic,physostigmine ophthalmic,physostigmine ophthalmic,,,ddinter_dataset,DDInter1463
picosulfuric acid,,picosulfuric acid,picosulfuric acid,picosulfuric acid,,,ddinter_dataset,DDInter1464
pilocarpine,,pilocarpine,pilocarpine,pilocarpine,,,ddinter_dataset,DDInter1465
pilocarpine ophthalmic,,pilocarpine ophthalmic,pilocarpine ophthalmic,pilocarpine ophthalmic,,,ddinter_dataset,DDInter1466
pimavanserin,,pimavanserin,pimavanserin,pimavanserin,,,ddinter_dataset,DDInter1467
pimecrolimus,,pimecrolimus,pimecrolimus,pimecrolimus,,,ddinter_dataset,DDInter1468
pimecrolimus topical,,pimecrolimus topical,pimecrolimus topical,pimecrolimus topical,,,ddinter_dataset,DDInter1469
pimozide,,pimozide,pimozide,pimozide,,,ddinter_dataset,DDInter1470
pindolol,,pindolol,pindolol,pindolol,,,ddinter_dataset,DDInter1471
pioglitazone,,pioglitazone,pioglitazone,pioglitazone,,,ddinter_dataset,DDInter1472
pipecuronium,,pipecuronium,pipecuronium,pipecuronium,,,ddinter_dataset,DDInter1473
piperacillin,,piperacillin,piperacillin,piperacillin,,,ddinter_dataset,DDInter1474
piperazine,,piperazine,piperazine,piperazine,,,ddinter_dataset,DDInter1475
pirbuterol,,pirbuterol,pirbuterol,pirbuterol,,,ddinter_dataset,DDInter1476
pirfenidone,,pirfenidone,pirfenidone,pirfenidone,,,ddinter_dataset,DDInter1477
piroxicam,,piroxicam,piroxicam,piroxicam,,,ddinter_dataset,DDInter1478
pitavastatin,,pitavastatin,pitavastatin,pitavastatin,,,ddinter_dataset,DDInter1479
pitolisant,,pitolisant,pitolisant,pitolisant,,,ddinter_dataset,DDInter1480
plantago seed,,plantago seed,plantago seed,plantago seed,,,ddinter_dataset,DDInter1481
plazomicin,,plazomicin,plazomicin,plazomicin,,,ddinter_dataset,DDInter1482
plecanatide,,plecanatide,plecanatide,plecanatide,,,ddinter_dataset,DDInter1483
plicamycin,,plicamycin,plicamycin,plicamycin,,,ddinter_dataset,DDInter1484
polatuzumab vedotin,,polatuzumab vedotin,polatuzumab vedotin,polatuzumab vedotin,,,ddinter_dataset,DDInter1485
poliovirus type 1 antigen formaldehyde inactivated,,poliovirus type 1 antigen formaldehyde inactivated,poliovirus type 1 antigen formaldehyde inactivated,poliovirus type 1 antigen formaldehyde inactivated,,,ddinter_dataset,DDInter1486
polyethylene glycol 3350,,polyethylene glycol 3350,polyethylene glycol 3350,polyethylene glycol 3350,,,ddinter_dataset,DDInter1488
polyethylene glycol 3350 with electrolytes,,polyethylene glycol 3350 with electrolytes,polyethylene glycol 3350 with electrolytes,polyethylene glycol 3350 with electrolytes,,,ddinter_dataset,DDInter1487
polymyxin b,,polymyxin b,polymyxin b,polymyxin b,,,ddinter_dataset,DDInter1489
polythiazide,,polythiazide,polythiazide,polythiazide,,,ddinter_dataset,DDInter1490
pomalidomide,,pomalidomide,pomalidomide,pomalidomide,,,ddinter_dataset,DDInter1491
ponatinib,,ponatinib,ponatinib,ponatinib,,,ddinter_dataset,DDInter1492
porfimer sodium,,porfimer sodium,porfimer sodium,porfimer sodium,,,ddinter_dataset,DDInter1493
posaconazole,,posaconazole,posaconazole,posaconazole,,,ddinter_dataset,DDInter1494
potassium acetate,,potassium acetate,potassium acetate,potassium acetate,,,ddinter_dataset,DDInter1495
potassium bicarbonate,,potassium bicarbonate,potassium bicarbonate,potassium bicarbonate,,,ddinter_dataset,DDInter1496
potassium chloride,,potassium chloride,potassium chloride,potassium chloride,,,ddinter_dataset,DDInter1497
potassium citrate,,potassium citrate,potassium citrate,potassium citrate,,,ddinter_dataset,DDInter1498
potassium gluconate,,potassium gluconate,potassium gluconate,potassium gluconate,,,ddinter_dataset,DDInter1499
potassium iodide,,potassium iodide,potassium iodide,potassium iodide,,,ddinter_dataset,DDInter1500
potassium perchlorate,,potassium perchlorate,potassium perchlorate,potassium perchlorate,,,ddinter_dataset,DDInter1501
pralatrexate,,pralatrexate,pralatrexate,pralatrexate,,,ddinter_dataset,DDInter1502
pralidoxime,,pralidoxime,pralidoxime,pralidoxime,,,ddinter_dataset,DDInter1503
pralsetinib,,pralsetinib,pralsetinib,pralsetinib,,,ddinter_dataset,DDInter1504
pramipexole,,pramipexole,pramipexole,pramipexole,,,ddinter_dataset,DDInter1505
pramlintide,,pramlintide,pramlintide,pramlintide,,,ddinter_dataset,DDInter1506
prasterone enantate,,prasterone enantate,prasterone enantate,prasterone enantate,,,ddinter_dataset,DDInter1507
prasugrel,,prasugrel,prasugrel,prasugrel,,,ddinter_dataset,DDInter1508
pravastatin,,pravastatin,pravastatin,pravastatin,,,ddinter_dataset,DDInter1509
praziquantel,,praziquantel,praziquantel,praziquantel,,,ddinter_dataset,DDInter1510
prazosin,,prazosin,prazosin,prazosin,,,ddinter_dataset,DDInter1511
prednicarbate topical,,prednicarbate topical,prednicarbate topical,prednicarbate topical,,,ddinter_dataset,DDInter1512
prednisolone,,prednisolone,prednisolone,prednisolone,,,ddinter_dataset,DDInter1513
prednisolone ophthalmic,,prednisolone ophthalmic,prednisolone ophthalmic,prednisolone ophthalmic,,,ddinter_dataset,DDInter1514
prednisone,,prednisone,prednisone,prednisone,,,ddinter_dataset,DDInter1515
pregabalin,,pregabalin,pregabalin,pregabalin,,,ddinter_dataset,DDInter1516
pretomanid,,pretomanid,pretomanid,pretomanid,,,ddinter_dataset,DDInter1517
prilocaine,,prilocaine,prilocaine,prilocaine,,,ddinter_dataset,DDInter1518
prilocaine topiclal,,prilocaine topiclal,prilocaine topiclal,prilocaine topiclal,,,ddinter_dataset,DDInter1519
primaquine,,primaquine,primaquine,primaquine,,,ddinter_dataset,DDInter1520
primidone,,primidone,primidone,primidone,,,ddinter_dataset,DDInter1521
probenecid,,probenecid,probenecid,probenecid,,,ddinter_dataset,DDInter1522
probucol,,probucol,probucol,probucol,,,ddinter_dataset,DDInter1523
procainamide,,procainamide,procainamide,procainamide,,,ddinter_dataset,DDInter1524
procaine,,procaine,procaine,procaine,,,ddinter_dataset,DDInter1525
procarbazine,,procarbazine,procarbazine,procarbazine,,,ddinter_dataset,DDInter1526
prochlorperazine,,prochlorperazine,prochlorperazine,prochlorperazine,,,ddinter_dataset,DDInter1527
procyclidine,,procyclidine,procyclidine,procyclidine,,,ddinter_dataset,DDInter1528
progesterone,,progesterone,progesterone,progesterone,,,ddinter_dataset,DDInter1529
progesterone topical,,progesterone topical,progesterone topical,progesterone topical,,,ddinter_dataset,DDInter1530
proguanil,,proguanil,proguanil,proguanil,,,ddinter_dataset,DDInter1531
promazine,,promazine,promazine,promazine,,,ddinter_dataset,DDInter1532
promethazine,,promethazine,promethazine,promethazine,,,ddinter_dataset,DDInter1533
propafenone,,propafenone,propafenone,propafenone,,,ddinter_dataset,DDInter1534
propantheline,,propantheline,propantheline,propantheline,,,ddinter_dataset,DDInter1535
proparacaine ophthalmic,,proparacaine ophthalmic,proparacaine ophthalmic,proparacaine ophthalmic,,,ddinter_dataset,DDInter1536
propiomazine,,propiomazine,propiomazine,propiomazine,,,ddinter_dataset,DDInter1537
propofol,,propofol,propofol,propofol,,,ddinter_dataset,DDInter1538
propranolol,,propranolol,propranolol,propranolol,,,ddinter_dataset,DDInter1539
propylhexedrine nasal,,propylhexedrine nasal,propylhexedrine nasal,propylhexedrine nasal,,,ddinter_dataset,DDInter1540
propylthiouracil,,propylthiouracil,propylthiouracil,propylthiouracil,,,ddinter_dataset,DDInter1541
protein c,,protein c,protein c,protein c,,,ddinter_dataset,DDInter1542
protriptyline,,protriptyline,protriptyline,protriptyline,,,ddinter_dataset,DDInter1543
prucalopride,,prucalopride,prucalopride,prucalopride,,,ddinter_dataset,DDInter1544
pseudoephedrine,,pseudoephedrine,pseudoephedrine,pseudoephedrine,,,ddinter_dataset,DDInter1545
pyrazinamide,,pyrazinamide,pyrazinamide,pyrazinamide,,,ddinter_dataset,DDInter1547
pyridostigmine,,pyridostigmine,pyridostigmine,pyridostigmine,,,ddinter_dataset,DDInter1548
pyridoxine,,pyridoxine,pyridoxine,pyridoxine,,,ddinter_dataset,DDInter1549
pyrimethamine,,pyrimethamine,pyrimethamine,pyrimethamine,,,ddinter_dataset,DDInter1550
pyrophosphoric acid,,pyrophosphoric acid,pyrophosphoric acid,pyrophosphoric acid,,,ddinter_dataset,DDInter1551
quazepam,,quazepam,quazepam,quazepam,,,ddinter_dataset,DDInter1552
quetiapine,,quetiapine,quetiapine,quetiapine,,,ddinter_dataset,DDInter1553
quinapril,,quinapril,quinapril,quinapril,,,ddinter_dataset,DDInter1554
quinestrol,,quinestrol,quinestrol,quinestrol,,,ddinter_dataset,DDInter1555
quinidine,,quinidine,quinidine,quinidine,,,ddinter_dataset,DDInter1556
quinine,,quinine,quinine,quinine,,,ddinter_dataset,DDInter1557
quinupristin,,quinupristin,quinupristin,quinupristin,,,ddinter_dataset,DDInter1558
rabeprazole,,rabeprazole,rabeprazole,rabeprazole,,,ddinter_dataset,DDInter1559
racepinephrine,,racepinephrine,racepinephrine,racepinephrine,,,ddinter_dataset,DDInter1560
radium ra 223 dichloride,,radium ra 223 dichloride,radium ra 223 dichloride,radium ra 223 dichloride,,,ddinter_dataset,DDInter1561
raloxifene,,raloxifene,raloxifene,raloxifene,,,ddinter_dataset,DDInter1562
raltegravir,,raltegravir,raltegravir,raltegravir,,,ddinter_dataset,DDInter1563
ramelteon,,ramelteon,ramelteon,ramelteon,,,ddinter_dataset,DDInter1564
ramipril,,ramipril,ramipril,ramipril,,,ddinter_dataset,DDInter1565
ramucirumab,,ramucirumab,ramucirumab,ramucirumab,,,ddinter_dataset,DDInter1566
ranitidine,,ranitidine,ranitidine,ranitidine,,,ddinter_dataset,DDInter1568
ranitidine bismuth citrate,,ranitidine bismuth citrate,ranitidine bismuth citrate,ranitidine bismuth citrate,,,ddinter_dataset,DDInter1569
ranolazine,,ranolazine,ranolazine,ranolazine,,,ddinter_dataset,DDInter1570
rapacuronium,,rapacuronium,rapacuronium,rapacuronium,,,ddinter_dataset,DDInter1571
rasagiline,,rasagiline,rasagiline,rasagiline,,,ddinter_dataset,DDInter1572
rasburicase,,rasburicase,rasburicase,rasburicase,,,ddinter_dataset,DDInter1573
regadenoson,,regadenoson,regadenoson,regadenoson,,,ddinter_dataset,DDInter1575
regorafenib,,regorafenib,regorafenib,regorafenib,,,ddinter_dataset,DDInter1576
relugolix,,relugolix,relugolix,relugolix,,,ddinter_dataset,DDInter1577
remdesivir,,remdesivir,remdesivir,remdesivir,,,ddinter_dataset,DDInter1578
remifentanil,,remifentanil,remifentanil,remifentanil,,,ddinter_dataset,DDInter1579
remimazolam,,remimazolam,remimazolam,remimazolam,,,ddinter_dataset,DDInter1580
repaglinide,,repaglinide,repaglinide,repaglinide,,,ddinter_dataset,DDInter1581
reserpine,,reserpine,reserpine,reserpine,,,ddinter_dataset,DDInter1582
retapamulin topical,,retapamulin topical,retapamulin topical,retapamulin topical,,,ddinter_dataset,DDInter1584
reteplase,,reteplase,reteplase,reteplase,,,ddinter_dataset,DDInter1585
revefenacin,,revefenacin,revefenacin,revefenacin,,,ddinter_dataset,DDInter1586
ribavirin,,ribavirin,ribavirin,ribavirin,,,ddinter_dataset,DDInter1587
ribociclib,,ribociclib,ribociclib,ribociclib,,,ddinter_dataset,DDInter1588
rifabutin,,rifabutin,rifabutin,rifabutin,,,ddinter_dataset,DDInter1589
rifampicin,,rifampicin,rifampicin,rifampicin,,,ddinter_dataset,DDInter1590
rifamycin,,rifamycin,rifamycin,rifamycin,,,ddinter_dataset,DDInter1591
rifapentine,,rifapentine,rifapentine,rifapentine,,,ddinter_dataset,DDInter1592
rifaximin,,rifaximin,rifaximin,rifaximin,,,ddinter_dataset,DDInter1593
rilonacept,,rilonacept,rilonacept,rilonacept,,,ddinter_dataset,DDInter1594
rilpivirine,,rilpivirine,rilpivirine,rilpivirine,,,ddinter_dataset,DDInter1595
riluzole,,riluzole,riluzole,riluzole,,,ddinter_dataset,DDInter1596
rimantadine,,rimantadine,rimantadine,rimantadine,,,ddinter_dataset,DDInter1597
rimegepant,,rimegepant,rimegepant,rimegepant,,,ddinter_dataset,DDInter1598
rimexolone ophthalmic,,rimexolone ophthalmic,rimexolone ophthalmic,rimexolone ophthalmic,,,ddinter_dataset,DDInter1599
riociguat,,riociguat,riociguat,riociguat,,,ddinter_dataset,DDInter1600
ripretinib,,ripretinib,ripretinib,ripretinib,,,ddinter_dataset,DDInter1601
risankizumab,,risankizumab,risankizumab,risankizumab,,,ddinter_dataset,DDInter1602
risdiplam,,risdiplam,risdiplam,risdiplam,,,ddinter_dataset,DDInter1603
risedronic acid,,risedronic acid,risedronic acid,risedronic acid,,,ddinter_dataset,DDInter1604
risperidone,,risperidone,risperidone,risperidone,,,ddinter_dataset,DDInter1605
ritodrine,,ritodrine,ritodrine,ritodrine,,,ddinter_dataset,DDInter1606
ritonavir,,ritonavir,ritonavir,ritonavir,,,ddinter_dataset,DDInter1607
rituximab,,rituximab,rituximab,rituximab,,,ddinter_dataset,DDInter1608
rivaroxaban,,rivaroxaban,rivaroxaban,rivaroxaban,,,ddinter_dataset,DDInter1609
rivastigmine,,rivastigmine,rivastigmine,rivastigmine,,,ddinter_dataset,DDInter1610
rizatriptan,,rizatriptan,rizatriptan,rizatriptan,,,ddinter_dataset,DDInter1611
rocuronium,,rocuronium,rocuronium,rocuronium,,,ddinter_dataset,DDInter1612
rofecoxib,,rofecoxib,rofecoxib,rofecoxib,,,ddinter_dataset,DDInter1613
roflumilast,,roflumilast,roflumilast,roflumilast,,,ddinter_dataset,DDInter1614
rolapitant,,rolapitant,rolapitant,rolapitant,,,ddinter_dataset,DDInter1615
romidepsin,,romidepsin,romidepsin,romidepsin,,,ddinter_dataset,DDInter1616
romiplostim,,romiplostim,romiplostim,romiplostim,,,ddinter_dataset,DDInter1617
romosozumab,,romosozumab,romosozumab,romosozumab,,,ddinter_dataset,DDInter1618
ropinirole,,ropinirole,ropinirole,ropinirole,,,ddinter_dataset,DDInter1619
ropivacaine,,ropivacaine,ropivacaine,ropivacaine,,,ddinter_dataset,DDInter1620
rosiglitazone,,rosiglitazone,rosiglitazone,rosiglitazone,,,ddinter_dataset,DDInter1621
rosuvastatin,,rosuvastatin,rosuvastatin,rosuvastatin,,,ddinter_dataset,DDInter1622
rotavirus vaccine,,rotavirus vaccine,rotavirus vaccine,rotavirus vaccine,,,ddinter_dataset,DDInter1623
rotigotine,,rotigotine,rotigotine,rotigotine,,,ddinter_dataset,DDInter1624
rubella virus vaccine,,rubella virus vaccine,rubella virus vaccine,rubella virus vaccine,,,ddinter_dataset,DDInter1625
rucaparib,,rucaparib,rucaparib,rucaparib,,,ddinter_dataset,DDInter1626
rufinamide,,rufinamide,rufinamide,rufinamide,,,ddinter_dataset,DDInter1627
ruxolitinib,,ruxolitinib,ruxolitinib,ruxolitinib,,,ddinter_dataset,DDInter1628
sacituzumab govitecan,,sacituzumab govitecan,sacituzumab govitecan,sacituzumab govitecan,,,ddinter_dataset,DDInter1629
sacubitril,,sacubitril,sacubitril,sacubitril,,,ddinter_dataset,DDInter1630
safinamide,,safinamide,safinamide,safinamide,,,ddinter_dataset,DDInter1631
salbutamol,,salbutamol,salbutamol,salbutamol,,,ddinter_dataset,DDInter1632
salicylic acid sodium,,salicylic acid sodium,salicylic acid sodium,salicylic acid sodium,,,ddinter_dataset,DDInter1633
salmeterol,,salmeterol,salmeterol,salmeterol,,,ddinter_dataset,DDInter1635
salmon calcitonin,,salmon calcitonin,salmon calcitonin,salmon calcitonin,,,ddinter_dataset,DDInter1636
salsalate,,salsalate,salsalate,salsalate,,,ddinter_dataset,DDInter1637
samarium 153sm lexidronam,,samarium 153sm lexidronam,samarium 153sm lexidronam,samarium 153sm lexidronam,,,ddinter_dataset,DDInter1638
sapropterin,,sapropterin,sapropterin,sapropterin,,,ddinter_dataset,DDInter1639
saquinavir,,saquinavir,saquinavir,saquinavir,,,ddinter_dataset,DDInter1640
sarecycline,,sarecycline,sarecycline,sarecycline,,,ddinter_dataset,DDInter1641
sargramostim,,sargramostim,sargramostim,sargramostim,,,ddinter_dataset,DDInter1642
sarilumab,,sarilumab,sarilumab,sarilumab,,,ddinter_dataset,DDInter1643
satralizumab,,satralizumab,satralizumab,satralizumab,,,ddinter_dataset,DDInter1644
saw palmetto,,saw palmetto,saw palmetto,saw palmetto,,,ddinter_dataset,DDInter1645
saxagliptin,,saxagliptin,saxagliptin,saxagliptin,,,ddinter_dataset,DDInter1646
scopolamine,,scopolamine,scopolamine,scopolamine,,,ddinter_dataset,DDInter1647
scopolamine ophthalmic,,scopolamine ophthalmic,scopolamine ophthalmic,scopolamine ophthalmic,,,ddinter_dataset,DDInter1648
secnidazole,,secnidazole,secnidazole,secnidazole,,,ddinter_dataset,DDInter1649
secobarbital,,secobarbital,secobarbital,secobarbital,,,ddinter_dataset,DDInter1650
secretin human,,secretin human,secretin human,secretin human,,,ddinter_dataset,DDInter1651
secukinumab,,secukinumab,secukinumab,secukinumab,,,ddinter_dataset,DDInter1652
selegiline,,selegiline,selegiline,selegiline,,,ddinter_dataset,DDInter1653
selenium,,selenium,selenium,selenium,,,ddinter_dataset,DDInter1654
selenium sulfide,,selenium sulfide,selenium sulfide,selenium sulfide,,,ddinter_dataset,DDInter1655
selexipag,,selexipag,selexipag,selexipag,,,ddinter_dataset,DDInter1656
selinexor,,selinexor,selinexor,selinexor,,,ddinter_dataset,DDInter1657
selpercatinib,,selpercatinib,selpercatinib,selpercatinib,,,ddinter_dataset,DDInter1658
selumetinib,,selumetinib,selumetinib,selumetinib,,,ddinter_dataset,DDInter1659
semaglutide,,semaglutide,semaglutide,semaglutide,,,ddinter_dataset,DDInter1660
sermorelin,,sermorelin,sermorelin,sermorelin,,,ddinter_dataset,DDInter1661
sertraline,,sertraline,sertraline,sertraline,,,ddinter_dataset,DDInter1662
sevelamer,,sevelamer,sevelamer,sevelamer,,,ddinter_dataset,DDInter1663
sevoflurane,,sevoflurane,sevoflurane,sevoflurane,,,ddinter_dataset,DDInter1664
sibutramine,,sibutramine,sibutramine,sibutramine,,,ddinter_dataset,DDInter1665
sildenafil,,sildenafil,sildenafil,sildenafil,,,ddinter_dataset,DDInter1666
silodosin,,silodosin,silodosin,silodosin,,,ddinter_dataset,DDInter1667
siltuximab,,siltuximab,siltuximab,siltuximab,,,ddinter_dataset,DDInter1668
silver nitrate ophthalmic,,silver nitrate ophthalmic,silver nitrate ophthalmic,silver nitrate ophthalmic,,,ddinter_dataset,DDInter1670
silver nitrate topical,,silver nitrate topical,silver nitrate topical,silver nitrate topical,,,ddinter_dataset,DDInter1671
silver sulfadiazine topical,,silver sulfadiazine topical,silver sulfadiazine topical,silver sulfadiazine topical,,,ddinter_dataset,DDInter1672
simeprevir,,simeprevir,simeprevir,simeprevir,,,ddinter_dataset,DDInter1673
simvastatin,,simvastatin,simvastatin,simvastatin,,,ddinter_dataset,DDInter1675
siponimod,,siponimod,siponimod,siponimod,,,ddinter_dataset,DDInter1676
sipuleucel t,,sipuleucel t,sipuleucel t,sipuleucel t,,,ddinter_dataset,DDInter1677
sirolimus,,sirolimus,sirolimus,sirolimus,,,ddinter_dataset,DDInter1678
sitagliptin,,sitagliptin,sitagliptin,sitagliptin,,,ddinter_dataset,DDInter1679
smallpox vaccinia vaccine live,,smallpox vaccinia vaccine live,smallpox vaccinia vaccine live,smallpox vaccinia vaccine live,,,ddinter_dataset,DDInter1680
sodium acetate,,sodium acetate,sodium acetate,sodium acetate,,,ddinter_dataset,DDInter1681
sodium aurothiomalate,,sodium aurothiomalate,sodium aurothiomalate,sodium aurothiomalate,,,ddinter_dataset,DDInter1682
sodium bicarbonate,,sodium bicarbonate,sodium bicarbonate,sodium bicarbonate,,,ddinter_dataset,DDInter1683
sodium chloride,,sodium chloride,sodium chloride,sodium chloride,,,ddinter_dataset,DDInter1685
sodium citrate,,sodium citrate,sodium citrate,sodium citrate,,,ddinter_dataset,DDInter1686
sodium ferric gluconate complex,,sodium ferric gluconate complex,sodium ferric gluconate complex,sodium ferric gluconate complex,,,ddinter_dataset,DDInter1687
sodium glycerophosphate,,sodium glycerophosphate,sodium glycerophosphate,sodium glycerophosphate,,,ddinter_dataset,DDInter1688
sodium oxybate,,sodium oxybate,sodium oxybate,sodium oxybate,,,ddinter_dataset,DDInter1690
sodium phosphate monobasic,,sodium phosphate monobasic,sodium phosphate monobasic,sodium phosphate monobasic,,,ddinter_dataset,DDInter1691
sodium phosphate monobasic p32,,sodium phosphate monobasic p32,sodium phosphate monobasic p32,sodium phosphate monobasic p32,,,ddinter_dataset,DDInter1692
sodium sulfate,,sodium sulfate,sodium sulfate,sodium sulfate,,,ddinter_dataset,DDInter1693
sofosbuvir,,sofosbuvir,sofosbuvir,sofosbuvir,,,ddinter_dataset,DDInter1695
solifenacin,,solifenacin,solifenacin,solifenacin,,,ddinter_dataset,DDInter1696
solriamfetol,,solriamfetol,solriamfetol,solriamfetol,,,ddinter_dataset,DDInter1697
somapacitan,,somapacitan,somapacitan,somapacitan,,,ddinter_dataset,DDInter1698
somatotropin,,somatotropin,somatotropin,somatotropin,,,ddinter_dataset,DDInter1699
somatrem,,somatrem,somatrem,somatrem,,,ddinter_dataset,DDInter1700
sonidegib,,sonidegib,sonidegib,sonidegib,,,ddinter_dataset,DDInter1701
sorafenib,,sorafenib,sorafenib,sorafenib,,,ddinter_dataset,DDInter1702
sorbitol,,sorbitol,sorbitol,sorbitol,,,ddinter_dataset,DDInter1703
sotalol,,sotalol,sotalol,sotalol,,,ddinter_dataset,DDInter1704
sparfloxacin,,sparfloxacin,sparfloxacin,sparfloxacin,,,ddinter_dataset,DDInter1705
spectinomycin,,spectinomycin,spectinomycin,spectinomycin,,,ddinter_dataset,DDInter1706
spironolactone,,spironolactone,spironolactone,spironolactone,,,ddinter_dataset,DDInter1707
st john s wort,,st john s wort,st john s wort,st john s wort,,,ddinter_dataset,DDInter1708
stanozolol,,stanozolol,stanozolol,stanozolol,,,ddinter_dataset,DDInter1709
stavudine,,stavudine,stavudine,stavudine,,,ddinter_dataset,DDInter1710
stiripentol,,stiripentol,stiripentol,stiripentol,,,ddinter_dataset,DDInter1711
streptokinase,,streptokinase,streptokinase,streptokinase,,,ddinter_dataset,DDInter1712
streptomycin,,streptomycin,streptomycin,streptomycin,,,ddinter_dataset,DDInter1713
streptozocin,,streptozocin,streptozocin,streptozocin,,,ddinter_dataset,DDInter1714
strontium chloride sr 89,,strontium chloride sr 89,strontium chloride sr 89,strontium chloride sr 89,,,ddinter_dataset,DDInter1715
succinylcholine,,succinylcholine,succinylcholine,succinylcholine,,,ddinter_dataset,DDInter1716
sucralfate,,sucralfate,sucralfate,sucralfate,,,ddinter_dataset,DDInter1717
sufentanil,,sufentanil,sufentanil,sufentanil,,,ddinter_dataset,DDInter1718
sugammadex,,sugammadex,sugammadex,sugammadex,,,ddinter_dataset,DDInter1719
sulfadiazine,,sulfadiazine,sulfadiazine,sulfadiazine,,,ddinter_dataset,DDInter1721
sulfadoxine,,sulfadoxine,sulfadoxine,sulfadoxine,,,ddinter_dataset,DDInter1722
sulfamethizole,,sulfamethizole,sulfamethizole,sulfamethizole,,,ddinter_dataset,DDInter1723
sulfamethoxazole,,sulfamethoxazole,sulfamethoxazole,sulfamethoxazole,,,ddinter_dataset,DDInter1724
sulfasalazine,,sulfasalazine,sulfasalazine,sulfasalazine,,,ddinter_dataset,DDInter1725
sulfinpyrazone,,sulfinpyrazone,sulfinpyrazone,sulfinpyrazone,,,ddinter_dataset,DDInter1726
sulfisoxazole,,sulfisoxazole,sulfisoxazole,sulfisoxazole,,,ddinter_dataset,DDInter1727
sulindac,,sulindac,sulindac,sulindac,,,ddinter_dataset,DDInter1729
sumatriptan,,sumatriptan,sumatriptan,sumatriptan,,,ddinter_dataset,DDInter1730
sunitinib,,sunitinib,sunitinib,sunitinib,,,ddinter_dataset,DDInter1731
suprofen ophthalmic,,suprofen ophthalmic,suprofen ophthalmic,suprofen ophthalmic,,,ddinter_dataset,DDInter1732
suvorexant,,suvorexant,suvorexant,suvorexant,,,ddinter_dataset,DDInter1733
tacrine,,tacrine,tacrine,tacrine,,,ddinter_dataset,DDInter1734
tacrolimus,,tacrolimus,tacrolimus,tacrolimus,,,ddinter_dataset,DDInter1735
tadalafil,,tadalafil,tadalafil,tadalafil,,,ddinter_dataset,DDInter1736
tafamidis,,tafamidis,tafamidis,tafamidis,,,ddinter_dataset,DDInter1737
tafasitamab,,tafasitamab,tafasitamab,tafasitamab,,,ddinter_dataset,DDInter1738
tafenoquine,,tafenoquine,tafenoquine,tafenoquine,,,ddinter_dataset,DDInter1739
tagraxofusp,,tagraxofusp,tagraxofusp,tagraxofusp,,,ddinter_dataset,DDInter1741
talazoparib,,talazoparib,talazoparib,talazoparib,,,ddinter_dataset,DDInter1742
talimogene laherparepvec,,talimogene laherparepvec,talimogene laherparepvec,talimogene laherparepvec,,,ddinter_dataset,DDInter1743
tamoxifen,,tamoxifen,tamoxifen,tamoxifen,,,ddinter_dataset,DDInter1744
tamsulosin,,tamsulosin,tamsulosin,tamsulosin,,,ddinter_dataset,DDInter1745
tapentadol,,tapentadol,tapentadol,tapentadol,,,ddinter_dataset,DDInter1746
tasimelteon,,tasimelteon,tasimelteon,tasimelteon,,,ddinter_dataset,DDInter1747
tazarotene,,tazarotene,tazarotene,tazarotene,,,ddinter_dataset,DDInter1748
tazemetostat,,tazemetostat,tazemetostat,tazemetostat,,,ddinter_dataset,DDInter1750
tedizolid,,tedizolid,tedizolid,tedizolid,,,ddinter_dataset,DDInter1752
teduglutide,,teduglutide,teduglutide,teduglutide,,,ddinter_dataset,DDInter1753
tegaserod,,tegaserod,tegaserod,tegaserod,,,ddinter_dataset,DDInter1754
telaprevir,,telaprevir,telaprevir,telaprevir,,,ddinter_dataset,DDInter1755
telavancin,,telavancin,telavancin,telavancin,,,ddinter_dataset,DDInter1756
telbivudine,,telbivudine,telbivudine,telbivudine,,,ddinter_dataset,DDInter1757
telithromycin,,telithromycin,telithromycin,telithromycin,,,ddinter_dataset,DDInter1758
telmisartan,,telmisartan,telmisartan,telmisartan,,,ddinter_dataset,DDInter1759
telotristat ethyl,,telotristat ethyl,telotristat ethyl,telotristat ethyl,,,ddinter_dataset,DDInter1760
temazepam,,temazepam,temazepam,temazepam,,,ddinter_dataset,DDInter1761
temozolomide,,temozolomide,temozolomide,temozolomide,,,ddinter_dataset,DDInter1762
temsirolimus,,temsirolimus,temsirolimus,temsirolimus,,,ddinter_dataset,DDInter1763
tenecteplase,,tenecteplase,tenecteplase,tenecteplase,,,ddinter_dataset,DDInter1764
teniposide,,teniposide,teniposide,teniposide,,,ddinter_dataset,DDInter1765
teprotumumab,,teprotumumab,teprotumumab,teprotumumab,,,ddinter_dataset,DDInter1766
terazosin,,terazosin,terazosin,terazosin,,,ddinter_dataset,DDInter1767
terbinafine,,terbinafine,terbinafine,terbinafine,,,ddinter_dataset,DDInter1768
terbutaline,,terbutaline,terbutaline,terbutaline,,,ddinter_dataset,DDInter1769
terfenadine,,terfenadine,terfenadine,terfenadine,,,ddinter_dataset,DDInter1770
teriflunomide,,teriflunomide,teriflunomide,teriflunomide,,,ddinter_dataset,DDInter1771
teriparatide,,teriparatide,teriparatide,teriparatide,,,ddinter_dataset,DDInter1772
tesamorelin,,tesamorelin,tesamorelin,tesamorelin,,,ddinter_dataset,DDInter1773
testolactone,,testolactone,testolactone,testolactone,,,ddinter_dataset,DDInter1774
testosterone,,testosterone,testosterone,testosterone,,,ddinter_dataset,DDInter1775
testosterone topical,,testosterone topical,testosterone topical,testosterone topical,,,ddinter_dataset,DDInter1776
tetrabenazine,,tetrabenazine,tetrabenazine,tetrabenazine,,,ddinter_dataset,DDInter1778
tetracaine,,tetracaine,tetracaine,tetracaine,,,ddinter_dataset,DDInter1779
tetracaine ophthalmic,,tetracaine ophthalmic,tetracaine ophthalmic,tetracaine ophthalmic,,,ddinter_dataset,DDInter1780
tetracaine topical,,tetracaine topical,tetracaine topical,tetracaine topical,,,ddinter_dataset,DDInter1781
tetracosactide,,tetracosactide,tetracosactide,tetracosactide,,,ddinter_dataset,DDInter1782
tetracycline,,tetracycline,tetracycline,tetracycline,,,ddinter_dataset,DDInter1783
tetracycline topical,,tetracycline topical,tetracycline topical,tetracycline topical,,,ddinter_dataset,DDInter1784
tetraferric tricitrate decahydrate,,tetraferric tricitrate decahydrate,tetraferric tricitrate decahydrate,tetraferric tricitrate decahydrate,,,ddinter_dataset,DDInter1785
tetryzoline nasal,,tetryzoline nasal,tetryzoline nasal,tetryzoline nasal,,,ddinter_dataset,DDInter1787
tetryzoline ophthalmic,,tetryzoline ophthalmic,tetryzoline ophthalmic,tetryzoline ophthalmic,,,ddinter_dataset,DDInter1788
thalidomide,,thalidomide,thalidomide,thalidomide,,,ddinter_dataset,DDInter1789
thallous chloride,,thallous chloride,thallous chloride,thallous chloride,,,ddinter_dataset,DDInter1790
theophylline,,theophylline,theophylline,theophylline,,,ddinter_dataset,DDInter1791
thiabendazole,,thiabendazole,thiabendazole,thiabendazole,,,ddinter_dataset,DDInter1792
thiethylperazine,,thiethylperazine,thiethylperazine,thiethylperazine,,,ddinter_dataset,DDInter1793
thiopental,,thiopental,thiopental,thiopental,,,ddinter_dataset,DDInter1795
thioridazine,,thioridazine,thioridazine,thioridazine,,,ddinter_dataset,DDInter1796
thiotepa,,thiotepa,thiotepa,thiotepa,,,ddinter_dataset,DDInter1797
thiothixene,,thiothixene,thiothixene,thiothixene,,,ddinter_dataset,DDInter1798
thyroid porcine,,thyroid porcine,thyroid porcine,thyroid porcine,,,ddinter_dataset,DDInter1799
thyrotropin alfa,,thyrotropin alfa,thyrotropin alfa,thyrotropin alfa,,,ddinter_dataset,DDInter1800
tiagabine,,tiagabine,tiagabine,tiagabine,,,ddinter_dataset,DDInter1801
ticagrelor,,ticagrelor,ticagrelor,ticagrelor,,,ddinter_dataset,DDInter1802
ticarcillin,,ticarcillin,ticarcillin,ticarcillin,,,ddinter_dataset,DDInter1803
ticlopidine,,ticlopidine,ticlopidine,ticlopidine,,,ddinter_dataset,DDInter1804
tigecycline,,tigecycline,tigecycline,tigecycline,,,ddinter_dataset,DDInter1805
tildrakizumab,,tildrakizumab,tildrakizumab,tildrakizumab,,,ddinter_dataset,DDInter1806
tilmanocept,,tilmanocept,tilmanocept,tilmanocept,,,ddinter_dataset,DDInter1807
tiludronic acid,,tiludronic acid,tiludronic acid,tiludronic acid,,,ddinter_dataset,DDInter1808
timolol,,timolol,timolol,timolol,,,ddinter_dataset,DDInter1809
timolol ophthalmic,,timolol ophthalmic,timolol ophthalmic,timolol ophthalmic,,,ddinter_dataset,DDInter1810
tinidazole,,tinidazole,tinidazole,tinidazole,,,ddinter_dataset,DDInter1811
tinzaparin,,tinzaparin,tinzaparin,tinzaparin,,,ddinter_dataset,DDInter1812
tioconazole,,tioconazole,tioconazole,tioconazole,,,ddinter_dataset,DDInter1813
tioguanine,,tioguanine,tioguanine,tioguanine,,,ddinter_dataset,DDInter1814
tiotropium,,tiotropium,tiotropium,tiotropium,,,ddinter_dataset,DDInter1815
tipiracil,,tipiracil,tipiracil,tipiracil,,,ddinter_dataset,DDInter1816
tipranavir,,tipranavir,tipranavir,tipranavir,,,ddinter_dataset,DDInter1817
tirofiban,,tirofiban,tirofiban,tirofiban,,,ddinter_dataset,DDInter1818
tisagenlecleucel,,tisagenlecleucel,tisagenlecleucel,tisagenlecleucel,,,ddinter_dataset,DDInter1819
tizanidine,,tizanidine,tizanidine,tizanidine,,,ddinter_dataset,DDInter1821
tobramycin,,tobramycin,tobramycin,tobramycin,,,ddinter_dataset,DDInter1822
tocainide,,tocainide,tocainide,tocainide,,,ddinter_dataset,DDInter1823
tocilizumab,,tocilizumab,tocilizumab,tocilizumab,,,ddinter_dataset,DDInter1824
tofacitinib,,tofacitinib,tofacitinib,tofacitinib,,,ddinter_dataset,DDInter1825
tolazamide,,tolazamide,tolazamide,tolazamide,,,ddinter_dataset,DDInter1826
tolazoline,,tolazoline,tolazoline,tolazoline,,,ddinter_dataset,DDInter1827
tolbutamide,,tolbutamide,tolbutamide,tolbutamide,,,ddinter_dataset,DDInter1828
tolcapone,,tolcapone,tolcapone,tolcapone,,,ddinter_dataset,DDInter1829
tolevamer,,tolevamer,tolevamer,tolevamer,,,ddinter_dataset,DDInter1830
tolmetin,,tolmetin,tolmetin,tolmetin,,,ddinter_dataset,DDInter1831
tolterodine,,tolterodine,tolterodine,tolterodine,,,ddinter_dataset,DDInter1832
tolvaptan,,tolvaptan,tolvaptan,tolvaptan,,,ddinter_dataset,DDInter1833
topiramate,,topiramate,topiramate,topiramate,,,ddinter_dataset,DDInter1834
topotecan,,topotecan,topotecan,topotecan,,,ddinter_dataset,DDInter1835
torasemide,,torasemide,torasemide,torasemide,,,ddinter_dataset,DDInter1836
toremifene,,toremifene,toremifene,toremifene,,,ddinter_dataset,DDInter1837
tositumomab,,tositumomab,tositumomab,tositumomab,,,ddinter_dataset,DDInter1838
tositumomab i 131,,tositumomab i 131,tositumomab i 131,tositumomab i 131,,,ddinter_dataset,DDInter1839
trabectedin,,trabectedin,trabectedin,trabectedin,,,ddinter_dataset,DDInter1840
tramadol,,tramadol,tramadol,tramadol,,,ddinter_dataset,DDInter1841
trametinib,,trametinib,trametinib,trametinib,,,ddinter_dataset,DDInter1842
trandolapril,,trandolapril,trandolapril,trandolapril,,,ddinter_dataset,DDInter1843
tranexamic acid,,tranexamic acid,tranexamic acid,tranexamic acid,,,ddinter_dataset,DDInter1844
tranylcypromine,,tranylcypromine,tranylcypromine,tranylcypromine,,,ddinter_dataset,DDInter1845
trastuzumab,,trastuzumab,trastuzumab,trastuzumab,,,ddinter_dataset,DDInter1846
trastuzumab deruxtecan,,trastuzumab deruxtecan,trastuzumab deruxtecan,trastuzumab deruxtecan,,,ddinter_dataset,DDInter1847
trastuzumab emtansine,,trastuzumab emtansine,trastuzumab emtansine,trastuzumab emtansine,,,ddinter_dataset,DDInter1848
travoprost,,travoprost,travoprost,travoprost,,,ddinter_dataset,DDInter1849
trazodone,,trazodone,trazodone,trazodone,,,ddinter_dataset,DDInter1851
treprostinil,,treprostinil,treprostinil,treprostinil,,,ddinter_dataset,DDInter1852
tretinoin,,tretinoin,tretinoin,tretinoin,,,ddinter_dataset,DDInter1853
triamcinolone,,triamcinolone,triamcinolone,triamcinolone,,,ddinter_dataset,DDInter1855
triamcinolone nasal,,triamcinolone nasal,triamcinolone nasal,triamcinolone nasal,,,ddinter_dataset,DDInter1856
triamcinolone ophthalmic,,triamcinolone ophthalmic,triamcinolone ophthalmic,triamcinolone ophthalmic,,,ddinter_dataset,DDInter1857
triamcinolone topical,,triamcinolone topical,triamcinolone topical,triamcinolone topical,,,ddinter_dataset,DDInter1858
triamterene,,triamterene,triamterene,triamterene,,,ddinter_dataset,DDInter1859
triazolam,,triazolam,triazolam,triazolam,,,ddinter_dataset,DDInter1860
trichlormethiazide,,trichlormethiazide,trichlormethiazide,trichlormethiazide,,,ddinter_dataset,DDInter1861
trichophyton mentagrophytes,,trichophyton mentagrophytes,trichophyton mentagrophytes,trichophyton mentagrophytes,,,ddinter_dataset,DDInter1862
triclabendazole,,triclabendazole,triclabendazole,triclabendazole,,,ddinter_dataset,DDInter1863
triethylenetetramine,,triethylenetetramine,triethylenetetramine,triethylenetetramine,,,ddinter_dataset,DDInter1864
trifluoperazine,,trifluoperazine,trifluoperazine,trifluoperazine,,,ddinter_dataset,DDInter1866
triflupromazine,,triflupromazine,triflupromazine,triflupromazine,,,ddinter_dataset,DDInter1867
trifluridine,,trifluridine,trifluridine,trifluridine,,,ddinter_dataset,DDInter1868
triheptanoin,,triheptanoin,triheptanoin,triheptanoin,,,ddinter_dataset,DDInter1869
trihexyphenidyl,,trihexyphenidyl,trihexyphenidyl,trihexyphenidyl,,,ddinter_dataset,DDInter1870
trimethadione,,trimethadione,trimethadione,trimethadione,,,ddinter_dataset,DDInter1871
trimethaphan,,trimethaphan,trimethaphan,trimethaphan,,,ddinter_dataset,DDInter1872
trimethobenzamide,,trimethobenzamide,trimethobenzamide,trimethobenzamide,,,ddinter_dataset,DDInter1873
trimethoprim,,trimethoprim,trimethoprim,trimethoprim,,,ddinter_dataset,DDInter1874
trimetrexate,,trimetrexate,trimetrexate,trimetrexate,,,ddinter_dataset,DDInter1875
trimipramine,,trimipramine,trimipramine,trimipramine,,,ddinter_dataset,DDInter1876
tripelennamine,,tripelennamine,tripelennamine,tripelennamine,,,ddinter_dataset,DDInter1878
triprolidine,,triprolidine,triprolidine,triprolidine,,,ddinter_dataset,DDInter1879
triptorelin,,triptorelin,triptorelin,triptorelin,,,ddinter_dataset,DDInter1880
troglitazone,,troglitazone,troglitazone,troglitazone,,,ddinter_dataset,DDInter1881
troleandomycin,,troleandomycin,troleandomycin,troleandomycin,,,ddinter_dataset,DDInter1882
tromethamine,,tromethamine,tromethamine,tromethamine,,,ddinter_dataset,DDInter1883
tropicamide,,tropicamide,tropicamide,tropicamide,,,ddinter_dataset,DDInter1884
tropicamide ophthalmic,,tropicamide ophthalmic,tropicamide ophthalmic,tropicamide ophthalmic,,,ddinter_dataset,DDInter1885
trospium,,trospium,trospium,trospium,,,ddinter_dataset,DDInter1886
trovafloxacin,,trovafloxacin,trovafloxacin,trovafloxacin,,,ddinter_dataset,DDInter1887
tryptophan,,tryptophan,tryptophan,tryptophan,,,ddinter_dataset,DDInter1888
tuberculin purified protein derivative,,tuberculin purified protein derivative,tuberculin purified protein derivative,tuberculin purified protein derivative,,,ddinter_dataset,DDInter1889
tubocurarine,,tubocurarine,tubocurarine,tubocurarine,,,ddinter_dataset,DDInter1890
tucatinib,,tucatinib,tucatinib,tucatinib,,,ddinter_dataset,DDInter1891
turmeric,,turmeric,turmeric,turmeric,,,ddinter_dataset,DDInter1892
typhoid vaccine inactivated,,typhoid vaccine inactivated,typhoid vaccine inactivated,typhoid vaccine inactivated,,,ddinter_dataset,DDInter1893
typhoid vaccine live,,typhoid vaccine live,typhoid vaccine live,typhoid vaccine live,,,ddinter_dataset,DDInter1894
ubrogepant,,ubrogepant,ubrogepant,ubrogepant,,,ddinter_dataset,DDInter1896
ulipristal,,ulipristal,ulipristal,ulipristal,,,ddinter_dataset,DDInter1897
ulobetasol topical,,ulobetasol topical,ulobetasol topical,ulobetasol topical,,,ddinter_dataset,DDInter1898
umeclidinium,,umeclidinium,umeclidinium,umeclidinium,,,ddinter_dataset,DDInter1899
upadacitinib,,upadacitinib,upadacitinib,upadacitinib,,,ddinter_dataset,DDInter1901
uracil mustard,,uracil mustard,uracil mustard,uracil mustard,,,ddinter_dataset,DDInter1902
urea,,urea,urea,urea,,,ddinter_dataset,DDInter1903
urokinase,,urokinase,urokinase,urokinase,,,ddinter_dataset,DDInter1905
ursodeoxycholic acid,,ursodeoxycholic acid,ursodeoxycholic acid,ursodeoxycholic acid,,,ddinter_dataset,DDInter1906
ustekinumab,,ustekinumab,ustekinumab,ustekinumab,,,ddinter_dataset,DDInter1907
valaciclovir,,valaciclovir,valaciclovir,valaciclovir,,,ddinter_dataset,DDInter1908
valbenazine,,valbenazine,valbenazine,valbenazine,,,ddinter_dataset,DDInter1909
valdecoxib,,valdecoxib,valdecoxib,valdecoxib,,,ddinter_dataset,DDInter1910
valerian,,valerian,valerian,valerian,,,ddinter_dataset,DDInter1911
valganciclovir,,valganciclovir,valganciclovir,valganciclovir,,,ddinter_dataset,DDInter1912
valproic acid,,valproic acid,valproic acid,valproic acid,,,ddinter_dataset,DDInter1913
valsartan,,valsartan,valsartan,valsartan,,,ddinter_dataset,DDInter1915
vancomycin,,vancomycin,vancomycin,vancomycin,,,ddinter_dataset,DDInter1916
vandetanib,,vandetanib,vandetanib,vandetanib,,,ddinter_dataset,DDInter1917
vardenafil,,vardenafil,vardenafil,vardenafil,,,ddinter_dataset,DDInter1918
varenicline,,varenicline,varenicline,varenicline,,,ddinter_dataset,DDInter1919
varicella zoster vaccine recombinant,,varicella zoster vaccine recombinant,varicella zoster vaccine recombinant,varicella zoster vaccine recombinant,,,ddinter_dataset,DDInter1920
vasopressin,,vasopressin,vasopressin,vasopressin,,,ddinter_dataset,DDInter1921
vecuronium,,vecuronium,vecuronium,vecuronium,,,ddinter_dataset,DDInter1922
vedolizumab,,vedolizumab,vedolizumab,vedolizumab,,,ddinter_dataset,DDInter1923
velpatasvir,,velpatasvir,velpatasvir,velpatasvir,,,ddinter_dataset,DDInter1924
vemurafenib,,vemurafenib,vemurafenib,vemurafenib,,,ddinter_dataset,DDInter1925
venetoclax,,venetoclax,venetoclax,venetoclax,,,ddinter_dataset,DDInter1926
venlafaxine,,venlafaxine,venlafaxine,venlafaxine,,,ddinter_dataset,DDInter1927
verapamil,,verapamil,verapamil,verapamil,,,ddinter_dataset,DDInter1928
verteporfin,,verteporfin,verteporfin,verteporfin,,,ddinter_dataset,DDInter1929
vibegron,,vibegron,vibegron,vibegron,,,ddinter_dataset,DDInter1930
vibrio cholerae cvd 103 hgr strain live antigen,,vibrio cholerae cvd 103 hgr strain live antigen,vibrio cholerae cvd 103 hgr strain live antigen,vibrio cholerae cvd 103 hgr strain live antigen,,,ddinter_dataset,DDInter1931
vibrio cholerae cvd 103 hgr strain live antigen live,,vibrio cholerae cvd 103 hgr strain live antigen live,vibrio cholerae cvd 103 hgr strain live antigen live,vibrio cholerae cvd 103 hgr strain live antigen live,,,ddinter_dataset,DDInter1932
vigabatrin,,vigabatrin,vigabatrin,vigabatrin,,,ddinter_dataset,DDInter1933
vilanterol,,vilanterol,vilanterol,vilanterol,,,ddinter_dataset,DDInter1934
vilazodone,,vilazodone,vilazodone,vilazodone,,,ddinter_dataset,DDInter1935
vinblastine,,vinblastine,vinblastine,vinblastine,,,ddinter_dataset,DDInter1936
vincristine,,vincristine,vincristine,vincristine,,,ddinter_dataset,DDInter1937
vincristine liposome,,vincristine liposome,vincristine liposome,vincristine liposome,,,ddinter_dataset,DDInter1938
vinorelbine,,vinorelbine,vinorelbine,vinorelbine,,,ddinter_dataset,DDInter1939
vismodegib,,vismodegib,vismodegib,vismodegib,,,ddinter_dataset,DDInter1940
vitamin a,,vitamin a,vitamin a,vitamin a,,,ddinter_dataset,DDInter1941
vitamin d,,vitamin d,vitamin d,vitamin d,,,ddinter_dataset,DDInter1942
vitamin e,,vitamin e,vitamin e,vitamin e,,,ddinter_dataset,DDInter1943
von willebrand factor human,,von willebrand factor human,von willebrand factor human,von willebrand factor human,,,ddinter_dataset,DDInter1944
vorapaxar,,vorapaxar,vorapaxar,vorapaxar,,,ddinter_dataset,DDInter1945
voriconazole,,voriconazole,voriconazole,voriconazole,,,ddinter_dataset,DDInter1946
vorinostat,,vorinostat,vorinostat,vorinostat,,,ddinter_dataset,DDInter1947
vortioxetine,,vortioxetine,vortioxetine,vortioxetine,,,ddinter_dataset,DDInter1948
voxelotor,,voxelotor,voxelotor,voxelotor,,,ddinter_dataset,DDInter1949
voxilaprevir,,voxilaprevir,voxilaprevir,voxilaprevir,,,ddinter_dataset,DDInter1950
warfarin,,warfarin,warfarin,warfarin,,,ddinter_dataset,DDInter1951
xylometazoline nasal,,xylometazoline nasal,xylometazoline nasal,xylometazoline nasal,,,ddinter_dataset,DDInter1952
yellow fever vaccine,,yellow fever vaccine,yellow fever vaccine,yellow fever vaccine,,,ddinter_dataset,DDInter1953
yohimbine,,yohimbine,yohimbine,yohimbine,,,ddinter_dataset,DDInter1954
zafirlukast,,zafirlukast,zafirlukast,zafirlukast,,,ddinter_dataset,DDInter1955
zalcitabine,,zalcitabine,zalcitabine,zalcitabine,,,ddinter_dataset,DDInter1956
zaleplon,,zaleplon,zaleplon,zaleplon,,,ddinter_dataset,DDInter1957
zanamivir,,zanamivir,zanamivir,zanamivir,,,ddinter_dataset,DDInter1958
zanubrutinib,,zanubrutinib,zanubrutinib,zanubrutinib,,,ddinter_dataset,DDInter1959
ziconotide,,ziconotide,ziconotide,ziconotide,,,ddinter_dataset,DDInter1960
zidovudine,,zidovudine,zidovudine,zidovudine,,,ddinter_dataset,DDInter1961
zileuton,,zileuton,zileuton,zileuton,,,ddinter_dataset,DDInter1962
zinc acetate,,zinc acetate,zinc acetate,zinc acetate,,,ddinter_dataset,DDInter1963
zinc chloride,,zinc chloride,zinc chloride,zinc chloride,,,ddinter_dataset,DDInter1964
zinc gluconate,,zinc gluconate,zinc gluconate,zinc gluconate,,,ddinter_dataset,DDInter1965
zinc sulfate,,zinc sulfate,zinc sulfate,zinc sulfate,,,ddinter_dataset,DDInter1966
ziprasidone,,ziprasidone,ziprasidone,ziprasidone,,,ddinter_dataset,DDInter1967
zoledronic acid,,zoledronic acid,zoledronic acid,zoledronic acid,,,ddinter_dataset,DDInter1968
zolmitriptan,,zolmitriptan,zolmitriptan,zolmitriptan,,,ddinter_dataset,DDInter1969
zolpidem,,zolpidem,zolpidem,zolpidem,,,ddinter_dataset,DDInter1970
zonisamide,,zonisamide,zonisamide,zonisamide,,,ddinter_dataset,DDInter1971
zopiclone,,zopiclone,zopiclone,zopiclone,,,ddinter_dataset,DDInter1972
advil,advil,ibuprofen,ibuprofen,advil,advil,,verified_alias,DDInter900
aleve,aleve,naproxen,naproxen,aleve,aleve,,verified_alias,DDInter1266
amoxicilin,amoxicilin,amoxicillin,amoxicillin,amoxicilin,amoxicilin,,verified_alias,DDInter83
amoxil,amoxil,amoxicillin,amoxicillin,amoxil,amoxil,,verified_alias,DDInter83
asa,asa,acetylsalicylic acid,acetylsalicylic acid,asa,asa,,verified_alias,DDInter20
aspirin,aspirin,acetylsalicylic acid,acetylsalicylic acid,aspirin,aspirin,,verified_alias,DDInter20
bnadol,bnadol,acetaminophen,acetaminophen,bnadol,bnadol,,verified_alias,DDInter14
brufen,brufen,ibuprofen,ibuprofen,brufen,brufen,,verified_alias,DDInter900
coumadin,coumadin,warfarin,warfarin,coumadin,coumadin,,verified_alias,DDInter1951
dolipran,dolipran,acetaminophen,acetaminophen,dolipran,dolipran,,verified_alias,DDInter14
doliprane,doliprane,acetaminophen,acetaminophen,doliprane,doliprane,,verified_alias,DDInter14
glucophage,glucophage,metformin,metformin,glucophage,glucophage,,verified_alias,DDInter1164
jantoven,jantoven,warfarin,warfarin,jantoven,jantoven,,verified_alias,DDInter1951
lipitor,lipitor,atorvastatin,atorvastatin,lipitor,lipitor,,verified_alias,DDInter133
losec,losec,omeprazole,omeprazole,losec,losec,,verified_alias,DDInter1340
motrin,motrin,ibuprofen,ibuprofen,motrin,motrin,,verified_alias,DDInter900
naprosyn,naprosyn,naproxen,naproxen,naprosyn,naprosyn,,verified_alias,DDInter1266
norvasc,norvasc,amlodipine,amlodipine,norvasc,norvasc,,verified_alias,DDInter79
nurofen,nurofen,ibuprofen,ibuprofen,nurofen,nurofen,,verified_alias,DDInter900
panadol,panadol,acetaminophen,acetaminophen,panadol,panadol,,verified_alias,DDInter14
pandol,pandol,acetaminophen,acetaminophen,pandol,pandol,,verified_alias,DDInter14
paracetamol,paracetamol,acetaminophen,acetaminophen,paracetamol,paracetamol,,verified_alias,DDInter14
paracetmol,paracetmol,acetaminophen,acetaminophen,paracetmol,paracetmol,,verified_alias,DDInter14
prilosec,prilosec,omeprazole,omeprazole,prilosec,prilosec,,verified_alias,DDInter1340
prinivil,prinivil,lisinopril,lisinopril,prinivil,prinivil,,verified_alias,DDInter1079
prozac,prozac,fluoxetine,fluoxetine,prozac,prozac,,verified_alias,DDInter758
tylenol,tylenol,acetaminophen,acetaminophen,tylenol,tylenol,,verified_alias,DDInter14
valium,valium,diazepam,diazepam,valium,valium,,verified_alias,DDInter534
vibramycin,vibramycin,doxycycline,doxycycline,vibramycin,vibramycin,,verified_alias,DDInter598
xanax,xanax,alprazolam,alprazolam,xanax,xanax,,verified_alias,DDInter54
zestril,zestril,lisinopril,lisinopril,zestril,zestril,,verified_alias,DDInter1079
zithromax,zithromax,azithromycin,azithromycin,zithromax,zithromax,,verified_alias,DDInter157
zocor,zocor,simvastatin,simvastatin,zocor,zocor,,verified_alias,DDInter1675
zoloft,zoloft,sertraline,sertraline,zoloft,zoloft,,verified_alias,DDInter1662
بنادول,بنادول,acetaminophen,acetaminophen,بنادول,بنادول,ar,verified_alias,DDInter14
